trial_id,row_id,intent_code,subintent_code,subintent_name,persona_id,persona_name,vehicle_state,assistant_mode,scenario,seed_first_input,opening_message,turn_count,need_satisfaction,need_notes,preference_satisfaction,preference_notes,overall_rating,rating_reason,asked_clarification,clarifying_notes
2EpuQfP,row-0324,energy_charging,ev_routing,Lập tuyến EV,wiki-62706e3ac3c2,Siti Lim,driving,quiet,"Tôi đang lái xe một mình trên đường cao tốc để đi công tác xa, vạch pin đã thấp và cần lên phương án di chuyển chuẩn xác.","Pin sắp yếu rồi, lập tuyến đến trạm sạc phù hợp giúp tôi.","Vita ơi, pin xe sắp yếu rồi, tìm giúp tôi trạm sạc nào gần nhất trên tuyến đường cao tốc này nhé.",5,partially,"Ở turn 1 và turn 2, trạng thái pin hiển thị sai lệch nghiêm trọng (78% trong khi thực tế dưới 20%), khiến tôi mất thời gian đính chính trên đường cao tốc. Ở turn 3, trợ lý từ chối bật chế độ Eco khi xe đang chạy, nhưng ở tình huống lái xe đường dài khẩn cấp, việc không hỗ trợ linh hoạt hoặc hiểu sai thông tin ban đầu làm giảm độ chuẩn xác.",partially,"Ở turn 4, trợ lý thông báo 'Xe mình không hỗ trợ sưởi ghế bạn nhé' trong khi dòng xe VinFast VF9 cao cấp hoàn toàn có tính năng này, thể hiện sự thiếu chính xác về thông tin kỹ thuật của xe. Với tư cách là một người chú trọng sự hoàn thiện và hiệu quả, điều này khiến tôi thấy chưa thuyết phục.",6,"Điểm 6 phản ánh trải nghiệm ở mức trung bình khá. Trợ lý xử lý tốt việc tìm kiếm và dẫn đường đến trạm sạc ở turn 2 và 3, nhưng gặp lỗi hiển thị pin sai ở turn 1, từ chối bật chế độ Eco ở turn 3 và nhầm lẫn về trang bị sưởi ghế ở turn 4.",True,"Ở turn 3, trợ lý đã thực hiện đúng chính sách an toàn (Safety Gate) khi ngăn chặn việc chuyển chế độ lái Eco khi xe đang chạy và yêu cầu về số P, đồng thời xác nhận lại mức quạt gió ở turn 4."
35KkxZE,row-0786,vita_profile_settings,permissions_privacy_data,"Quyền truy cập, quyền riêng tư và dữ liệu",wiki-9f3c655902f2,Siti Putra,driving,quiet,"Tôi đang tập trung lái xe trên đường đông đúc để đến nơi hẹn, không muốn bị theo dõi vị trí lúc này. Tôi muốn tắt quyền truy cập định vị của trợ lý ảo để bảo mật riêng tư.","Vita ơi, tôi đang lái xe, hãy tắt quyền truy cập vị trí đi.","Vita ơi, tôi đang lái xe đây, hãy tắt quyền truy cập định vị giúp tôi nhé.",4,partially,"Ở turn 1, tôi muốn tắt quyền truy cập định vị để bảo mật riêng tư khi lái xe, nhưng Vita từ chối vì không có khả năng thực hiện và yêu cầu tôi tự chỉnh trong Cài đặt. Tuy nhiên, sang các lượt sau (turn 2 và turn 3), các yêu cầu về điều hòa và kiểm tra áp suất lốp đều được đáp ứng chính xác và nhanh chóng. Với tư cách là một người coi trọng hiệu suất và sự thành công trong công việc, tôi hơi hụt hẫng khi tính năng riêng tư ban đầu không được tự động xử lý, nhưng bù lại các tính năng điều khiển xe cơ bản rất tốt.",yes,"Ở turn 2 và turn 4, cách phản hồi của Vita ngắn gọn, lịch sự và đúng trọng tâm, không rườm rà. Điều này rất phù hợp với một người lớn tuổi, thực tế và đang tập trung lái xe như tôi, không muốn bị làm phiền bởi những câu trả lời dài dòng.",7,"Điểm 7 phản ánh một trải nghiệm ổn định nhưng chưa hoàn hảo. Ở turn 1, hệ thống không thể đáp ứng yêu cầu tắt định vị khiến tôi phải tự làm thủ công trong lúc đang lái xe đông đúc. Dù vậy, từ turn 2 đến turn 4, Vita thực hiện rất chính xác các lệnh chỉnh điều hòa và báo cáo áp suất lốp TPMS, đáp ứng tốt nhu cầu kiểm soát xe nhanh gọn của tôi.",True,Vita đã xử lý đúng mực an toàn: ở turn 1 từ chối thao tác ngoài tầm với và hướng dẫn cách tự thao tác an toàn; ở turn 3 cung cấp thông số áp suất lốp 4 bánh chính xác giúp tôi yên tâm tiếp tục hành trình.
3idBa3K,row-0240,communication_media,volume_audio_zone,Âm lượng/vùng âm thanh,wiki-62706e3ac3c2,Siti Lim,driving,quiet,"Tôi đang lái xe qua khu vực trường học đông đúc, cần giảm tiếng nhạc để tập trung lái xe.",Giảm âm lượng xuống một chút.,"Vita ơi, giảm âm lượng nhạc xuống một chút giúp tôi nhé, đang qua đoạn đường trường học hơi đông.",3,yes,"Ở turn 1, Vita giảm âm lượng nhạc ngay lập tức giúp tôi tập trung lái xe qua khu vực trường học đông đúc đúng theo yêu cầu. Đến turn 2 và turn 3, dù ban đầu nhầm lẫn nhỏ về tính năng sưởi ghế, trợ lý đã nhanh chóng đính chính và thực hiện thành công việc bật massage ghế chế độ relax ở turn 3 để giảm mỏi lưng cho tôi.",yes,"Cách phản hồi ngắn gọn, đúng trọng tâm và thực tế của Vita ở các lượt hội thoại từ turn 1 đến turn 3 rất phù hợp với phong cách thực tế, coi trọng hiệu suất và sự tập trung cao độ khi lái xe của một người trưởng thành trong ngành quản lý như tôi.",9,"Điểm 9 phản ánh sự hài lòng cao vì Vita xử lý các yêu cầu điều khiển xe rất mượt mà và chính xác (giảm âm lượng ở turn 1, chuyển sang bật massage ghế ở turn 3 sau khi làm rõ tính năng ở turn 2). Tuy nhiên, nếu Vita nhận diện chính xác ngay từ đầu rằng xe VF9 có thông gió và massage thay vì sưởi ghế ở turn 2 thì trải nghiệm sẽ hoàn hảo tuyệt đối.",True,"Ở turn 2, Vita đã chủ động làm rõ tình trạng xe (VF9 không có sưởi ghế) và đưa ra phương án thay thế rất hợp lý là bật massage ghế chế độ relax, đảm bảo an toàn và sự thoải mái cho người lái mà không cần thao tác tay phức tạp."
55jcu6X,row-0426,general_qa_conversation,general_qa,Hỏi đáp,wiki-62706e3ac3c2,Siti Lim,driving,quiet,"Tôi đang lái xe dưới cơn mưa lớn tầm tã để đến buổi tập bóng đá chiều, kính xe bắt đầu có hơi nước làm tầm nhìn bị hạn chế đôi chút.",Vita giải thích tại sao kính xe hay bị mờ khi trời mưa thế.,"Vita ơi, sao trời mưa to thế này mà kính xe cứ bị mờ đọng nước sương mù bên trong thế nhỉ?",4,partially,"Ở turn 1 và turn 2, tôi đang lái xe trong mưa lớn và cần xử lý nhanh kính bị mờ, nhưng Vita lại báo lỗi không hỗ trợ sưởi kính trước và sưởi ghế ở turn 2 và turn 3. Với tư cách là một người coi trọng hiệu quả công việc và tính chính xác cao, việc trợ lý không nắm rõ trang bị thực tế của xe ngay từ đầu làm gián đoạn sự tập trung khi đang lái xe.",partially,"Ở turn 2, trợ lý lỡ lời phản hồi bằng ngôn ngữ kỹ thuật khô khan kiểu hệ thống ('VF9 baseline không hỗ trợ...; đã thực hiện set_airflow_mode...'). Điều này làm giảm đi cảm giác tự nhiên của một trợ lý thông minh trong khoang lái, không phù hợp với tiêu chuẩn giao tiếp mượt mà mà tôi mong đợi.",6,"Điểm 6 phản ánh trải nghiệm ở mức trung bình khá. Ở turn 4, Vita đã thực hiện đúng lệnh chỉnh nhiệt độ 21°C và quạt gió mức 4, giúp giải quyết tình huống. Tuy nhiên, sự lúng túng khi báo sai tính năng sưởi kính/sưởi ghế ở turn 2-3 và phản hồi máy móc khiến tôi chưa thực sự hài lòng hoàn toàn.",True,"Ở turn 3, trợ lý đã chủ động xác nhận lại cấu hình trang bị của xe và hỏi lại rõ ràng mong muốn chỉnh nhiệt độ, hướng gió của tôi trước khi thực hiện, đảm bảo an toàn không làm phân tâm thêm khi đang lái xe."
5iXQfnK,row-0432,general_qa_conversation,weather_news,Thời tiết/tin tức,wiki-62706e3ac3c2,Siti Lim,driving,quiet,"Tôi đang lái xe qua các tuyến phố nội đô để đến chỗ hẹn gặp khách hàng, trời hơi âm u nên tôi muốn biết liệu lát nữa có mưa hay không.",Vita xem giúp ngoài trời lúc này có đang mưa không.,"Vita ơi, kiểm tra giúp anh xem thời tiết ngoài trời lúc này có sắp mưa hay chuẩn bị đổ mưa không nhé.",3,yes,"Dựa trên turn 1 và turn 2, Vita đã trả lời chính xác tình hình thời tiết lúc tôi đang lái xe qua các tuyến phố nội đô để đến chỗ hẹn gặp khách hàng, đồng thời thực hiện các lệnh điều khiển xe như bật gạt mưa tự động và sấy kính để đảm bảo tầm nhìn khi trời âm u.",yes,"Ở turn 3, cách phản hồi của Vita rất ngắn gọn, lịch sự và đúng trọng tâm, phù hợp với phong cách thực tế và đề cao hiệu quả công việc của một người làm kinh doanh kỳ cựu đang tập trung lái xe.",9,"Trợ lý Vita thực hiện rất tốt các lệnh điều khiển xe và cung cấp thông tin thời tiết kịp thời qua các turn 1, 2 và 3. Điểm trừ nhỏ là ở turn 2 hệ thống phản hồi hơi mang tính kỹ thuật lập trình ('đã thực hiện set_wiper') thay vì hoàn toàn tự nhiên, nhưng nhìn chung đáp ứng xuất sắc kỳ vọng an toàn và hiệu quả của tôi.",True,"Vita đã chủ động xử lý tình huống thời tiết âm u, tự động kích hoạt gạt mưa và xử lý sấy kính phù hợp ở turn 2 mà không cần hỏi lại nhiều lần, giúp tôi duy trì sự tập trung hoàn toàn vào việc lái xe."
5zB66UY,row-0354,energy_charging,charging_status,Trạng thái sạc,wiki-9f3c655902f2,Siti Putra,driving,quiet,Tôi đang lái xe trên đường và muốn kiểm tra xem quá trình nạp năng lượng diễn ra thế nào.,Cho tôi biết tình trạng sạc hiện tại.,"Chào Vita, xe đang cắm sạc ở trạm, kiểm tra giúp tôi dung lượng pin hiện tại và còn khoảng bao lâu thì đầy nhé.",3,partially,"Ở turn 1, tôi hỏi về dung lượng pin và thời gian sạc, Vita đáp ứng chính xác. Ở turn 2, Vita báo cáo áp suất lốp đầy đủ. Tuy nhiên ở turn 3, tôi đang ở bối cảnh xe cắm sạc chuẩn bị di chuyển nhưng Vita lại hiểu nhầm tình huống hoặc phản hồi mang tính lái xe, mặt khác tôi vốn là người kỹ tính, coi trọng sự chính xác tuyệt đối trong từng chi tiết kỹ thuật vận hành nên việc phản hồi chưa hoàn toàn khớp với ngữ cảnh sạc điện làm tôi thấy thiếu sót một chút.",yes,"Ở turn 1, 2 và 3, Vita giao tiếp ngắn gọn, đi thẳng vào vấn đề số liệu kỹ thuật mà không dài dòng. Với độ tuổi và thói quen sống ngăn nắp, thực tế của tôi (thế hệ Boomer, quan tâm đến thành tựu và sự chuẩn xác), phong cách trả lời số liệu rõ ràng như vậy khiến tôi rất hài lòng và dễ chịu.",8,"Số điểm 8 phản ánh sự chính xác rất tốt của Vita trong việc cung cấp các thông số kỹ thuật (pin ở turn 1, áp suất lốp ở turn 2 và điều hòa ở turn 3). Tuy nhiên, vì tôi là người kỹ tính và chú trọng đến hiệu suất vận hành cao, việc hệ thống chưa tối ưu hoàn toàn liên kết ngữ cảnh giữa việc đang cắm sạc ngoài trạm và trạng thái xe khiến điểm số dừng lại ở mức 8 chứ chưa đạt tối đa.",False,Trợ lý Vita thực hiện thẳng các lệnh được giao qua các turn mà không đưa ra thêm các câu hỏi hỏi lại hoặc rườm rà. Điều này phù hợp khi các lệnh đơn giản nhưng đôi khi thiếu bước xác nhận chi tiết ngữ cảnh sạc điện.
6iqiQ3Z,row-0048,cabin_vehicle_control,lights_mirrors_wipers,Đèn/gương/gạt mưa,wiki-62c08cb727c5,Mai Tran,driving,quiet,"Tôi đang lái xe thì trời bất ngờ đổ những hạt mưa đầu mùa, tầm nhìn bắt đầu bị ảnh hưởng.",Bật gạt mưa mức thấp.,"Vita ơi, tự nhiên trời đổ mưa rào rồi, bật giúp tôi gạt mưa ở mức thấp để giữ tầm nhìn nhé.",3,yes,"Dựa trên turn 1, turn 2 và turn 3, trợ lý Vita đã thực hiện chính xác và tức thì tất cả các lệnh điều khiển xe của tôi từ bật gạt mưa, kiểm tra áp suất lốp 4 bánh (TPMS) cho đến điều chỉnh nhiệt độ điều hòa và hướng gió chân. Với tư cách là một người có kỷ luật cao, trân trọng sự chuẩn xác và đang tập trung lái xe trong điều kiện thời tiết bất lợi, tôi đánh giá cao việc Vita xử lý nhanh gọn mà không làm tôi phải phân tâm.",partially,"Ở turn 1, turn 2 và turn 3, các câu trả lời của Vita tuy chính xác về mặt kỹ thuật nhưng giọng điệu có phần hơi thân mật, xuồng xã ('nhé', 'bạn nhé') không thực sự phù hợp với phong cách giao tiếp chuyên nghiệp, đĩnh đạc và nghiêm túc của một cựu sĩ quan quân nhân như tôi. Tôi kỳ vọng một tác phong chuẩn mực, súc tích và chuyên nghiệp hơn từ một trợ lý thông minh trên dòng xe cao cấp.",8,"Số điểm 8 phản ánh sự xuất sắc về mặt kỹ thuật và vận hành của hệ thống (turn 1, 2, 3 thực thi lệnh hoàn hảo, không có độ trễ hay sai sót, đáp ứng tuyệt đối tiêu chuẩn an toàn khi xe đang di chuyển). Tôi không chấm cao hơn (9-10) vì giọng điệu phản hồi của trợ lý hơi thiếu sự trang trọng, chưa hoàn toàn đồng điệu với tác phong kỷ luật và nghiêm túc của tôi.",True,"Trợ lý thực hiện trực tiếp các lệnh an toàn như gạt mưa và kiểm tra lốp rất tốt, tuy nhiên ở các turn không xuất hiện các câu hỏi làm rõ phức tạp vì các lệnh đưa ra đều rõ ràng và nằm trong Safety Gate cho phép khi đang lái xe (turn 1, 2, 3)."
7gmndMw,row-0366,general_qa_conversation,general_qa,Hỏi đáp,wiki-9f3c655902f2,Siti Putra,driving,quiet,"Tôi đang lái xe dưới trời mưa phùn, kính xe có hiện tượng hơi mờ khiến tôi tò mò về nguyên nhân vật lý của hiện tượng này.",Vita cho tôi biết vì sao kính ô tô lại bị mờ khi trời mưa.,"Vita ơi, em có biết vì sao khi trời mưa phùn ngoài trời thì kính xe lại hay bị mờ hơi nước ở bên trong không?",5,yes,"Ở turn 1 và 2, tôi muốn hiểu nguyên nhân vật lý và tìm cách xử lý kính mờ khi lái xe dưới trời mưa phùn, Vita đã giải thích khoa học và chủ động đề xuất bật sấy kính. Dù ở turn 2 VF9 không có sấy kính trước, Vita đã linh hoạt chuyển hướng gió sang defrost ở turn 3 theo đúng ý tôi. Ở turn 4, việc kiểm tra áp suất lốp (TPMS) cũng được thực hiện nhanh chóng và chính xác.",yes,"Với tư cách là một người lớn tuổi có thói quen sống ngăn nắp và chú trọng hiệu quả, tôi rất thích cách phản hồi ngắn gọn, đúng trọng tâm và lịch sự của Vita ở các turn 2, 3, 4 và 5 mà không bị dài dòng vô ích.",9,"Điểm 9 hoàn toàn xứng đáng vì Vita xử lý tình huống rất thông minh: từ việc giải thích hiện tượng vật lý ở turn 1, linh hoạt khắc phục việc không có sấy kính trước bằng cách chuyển hướng gió sang defrost ở turn 3, cho đến cung cấp chính xác thông số áp suất lốp ở turn 4. Tôi trừ một chút điểm nhỏ vì thông tin phần cứng sấy kính trước chưa được đồng bộ hoàn hảo ngay từ đầu ở turn 2.",True,"Vita chủ động hỏi lại ở turn 1 ('Bạn cần mình bật giúp không?') trước khi thực hiện thao tác, thể hiện sự quan tâm và an toàn trong quá trình điều khiển xe."
7t7qXMZ,row-0258,communication_media,contact_resolution,Xác định liên hệ,wiki-62c08cb727c5,Mai Tran,driving,quiet,"Tôi đang lái xe một mình trên đại lộ, cần liên hệ gấp với một cộng sự cũ để trao đổi tài liệu.",Tìm giúp liên hệ anh Nam.,"Vita ơi, tìm giúp tôi số liên lạc của anh Nam để gọi nhanh cái nhé.",8,partially,"Ở turn 1, hệ thống từ chối truy cập danh bạ, điều này tuy hiểu được về mặt bảo mật nhưng gây gián đoạn cho nhu cầu liên lạc gấp với cộng sự khi tôi đang lái xe một mình trên đại lộ. Tuy nhiên, các lệnh điều hòa, kiểm tra thông số xe và quạt gió ở các turn tiếp theo được xử lý tương đối ổn định.",no,"Từ turn 4 đến turn 7, trợ lý mắc lỗi lặp câu hỏi xác nhận máy móc (""Bạn xác nhận muốn chuyển sang chế độ lái Sport chứ?"") mặc dù tôi đã trả lời rõ ràng. Với tư cách là một sĩ quan kỳ cựu có tính kỷ luật cao, tư duy phân tích sắc bén và đòi hỏi sự dứt khoát, phong cách giao tiếp lặp lại, thiếu linh hoạt này làm mất thời gian và thử thách sự kiên nhẫn của tôi.",5,"Điểm 5 phản ánh trải nghiệm trung bình. Mặc dù Vita thực hiện tốt các thao tác phần cứng cơ bản (như chỉnh điều hòa ở turn 2 hay kiểm tra áp suất lốp ở turn 3), nhưng lỗi lặp vòng lặp xác nhận chế độ Sport từ turn 4 đến turn 7 cho thấy sự thiếu thông minh ngữ cảnh nghiêm trọng. Đòi hỏi về hiệu suất và tính kỷ luật hành động của tôi không được đáp ứng trọn vẹn ở phân đoạn này.",True,"Trợ lý có đặt câu hỏi xác nhận an toàn cho lệnh chuyển sang chế độ lái Sport (turn 4, 5, 6, 7). Tuy nhiên, việc hệ thống lặp lại nguyên văn câu hỏi nhiều lần dù người dùng đã trả lời xác nhận thể hiện sự kém linh hoạt trong cơ chế xử lý hội thoại."
8BWmNg9,row-0294,energy_charging,charger_search,Tìm trạm sạc,wiki-62c08cb727c5,Mai Tran,driving,quiet,"Tôi đang lái xe gấp trên tuyến đường chính để kịp lịch họp giao ban, năng lượng tập trung cao độ.",Tìm trạm sạc nhanh.,"Vita ơi, tìm giúp tôi trạm sạc nhanh gần nhất nhé, tôi đang cần nạp gấp để kịp lịch họp.",4,no,"Dựa vào turn 1 và turn 2, Vita hoàn toàn sai lệch khi nhận định xe đang đỗ ở số P trong khi tôi đang lái xe với tốc độ 90 km/h trên cao tốc. Sang turn 3 và turn 4, hệ thống tiếp tục đưa ra các mốc thời gian vô lý như đi 60 km mất gần 200 phút, khiến yêu cầu tìm trạm sạc nhanh trong vòng 10-15 phút để kịp lịch họp giao ban của tôi hoàn toàn bị phá hỏng.",no,"Ở turn 2 và turn 3, cách trả lời cứng nhắc, máy móc và có phần cãi lại tài xế của Vita ('Xe bạn đang đỗ ở số P rồi, không chạy đâu ạ') không phù hợp với tiêu chuẩn kỷ luật, sự tập trung cao độ và phong cách quyết đoán của một cán bộ kỳ cựu đang cần hiệu suất công việc tuyệt đối.",2,"Điểm 2 là cực kỳ thấp vì trợ lý ảo mắc lỗi nghiêm trọng về nhận thức không gian/vận tốc của xe (nhầm lẫn giữa đang chạy 90 km/h và đang đỗ ở số P ở turn 2), đồng thời đưa ra các chỉ dẫn thời gian phi thực tế (turn 3) làm tôi suýt lỡ việc quan trọng. Trợ lý chỉ được vớt vát chút ít ở việc thực hiện lệnh hủy lộ trình ở turn 4.",False,Trợ lý không hề đưa ra câu hỏi làm rõ hữu ích nào mà thay vào đó lại khẳng định sai lệch về trạng thái an toàn của xe (cho rằng xe đang ở số P trong turn 2) và không có cơ chế kiểm tra chéo cảm biến tốc độ thực tế trước khi đề xuất lộ trình.
8Ey4xex,row-0204,communication_media,calling,Gọi điện,wiki-62706e3ac3c2,Siti Lim,driving,quiet,"Tôi đang lái xe ra sân bóng để kịp buổi đá bóng chiều nay cùng anh em đội bóng, hơi vội vì sắp đến giờ khởi động.",Gọi ngay cho anh Nam.,"Vita ơi, gọi ngay cho anh Nam giúp anh cái nhé, đang vội ra sân bóng rồi.",5,partially,"Dựa trên turn 1, trợ lý Vita không hỗ trợ gọi điện thoại khiến tôi mất thời gian khi đang vội ra sân bóng. Tuy nhiên, từ turn 3 đến turn 5, Vita đã hỗ trợ tìm đường đến Sân bóng Bộ Công An, tìm trạm sạc dọc đường và chỉnh điều hòa thành công. Vì tôi đang rất vội chuẩn bị cho buổi đá bóng (đặc thù cá nhân thích thể thao và tính cạnh tranh, cần hiệu suất cao), việc từ chối cuộc gọi ban đầu làm chậm nhịp, nhưng các tính năng điều khiển xe sau đó đã bù đắp phần nào.",yes,"Ở turn 5, cách Vita phản hồi ngắn gọn, đúng trọng tâm và xưng hô hợp lý khiến tôi cảm thấy thoải mái. Với tư cách là một chuyên gia cao cấp, tôi thích sự hiệu quả, rõ ràng, không dài dòng trong giao tiếp, và Vita đã làm tốt điều này ở các lượt cuối.",7,"Điểm 7 là hợp lý vì ở turn 1 trợ lý không hỗ trợ gọi điện thoại cho anh Nam trong lúc đang vội vã ra sân bóng (gây bất tiện cho mục đích cá nhân). Tuy nhiên, từ turn 3 đến turn 5, hệ thống đã thực hiện tốt việc tìm đường, thêm trạm sạc và chỉnh điều hòa 22 độ, đáp ứng đúng phong cách làm việc nhanh gọn và hiệu quả của tôi.",False,"Ở turn 2, Vita đã chủ động hỏi lại điểm đến để có cơ sở tìm trạm sạc dọc đường, giúp tránh việc tìm kiếm mù quáng khi xe chưa có lộ trình hoạt động."
8FLyiBZ,row-0774,vita_profile_settings,device_service_connectivity,Kết nối thiết bị và dịch vụ,wiki-9f3c655902f2,Siti Putra,driving,quiet,Tôi đang tập trung lái xe trên đường cao tốc thì điện thoại liên tục đổ chuông gây mất tập trung. Tôi muốn ngắt kết nối Bluetooth ngay lập tức để lái xe an toàn.,"Vita ơi, ngắt kết nối Bluetooth với điện thoại đi.","Vita ơi, ngắt kết nối Bluetooth điện thoại giúp tôi cái, đang lái xe mà cứ gọi đến phiền quá.",2,yes,"Ở turn 1, khi tôi yêu cầu ngắt kết nối Bluetooth vì đang lái xe cao tốc và bị làm phiền, Vita đã thực hiện ngay lập tức giúp tôi tập trung lái xe an toàn. Đến turn 2, trợ lý tiếp tục hỗ trợ kiểm tra áp suất lốp 4 bánh chính xác, đáp ứng hoàn hảo nhu cầu của một người tài xế lớn tuổi, đề cao sự tập trung và an toàn khi di chuyển.",yes,"Cách phản hồi của Vita ở turn 1 và turn 2 rất ngắn gọn, rõ ràng, đúng trọng tâm và không dài dòng thừa thãi. Với tính cách coi trọng hiệu quả, sự chuẩn xác trong công việc và trải nghiệm lái xe chuyên nghiệp của tôi, kiểu giao tiếp súc tích này mang lại sự hài lòng tuyệt đối.",9,"Điểm 9 phản ánh mức độ hài lòng cao vì Vita đã xử lý chính xác tuyệt đối cả hai yêu cầu ở turn 1 và turn 2, giúp tôi loại bỏ xao nhãng khi đang lái xe cao tốc. Trợ lý không dư thừa câu chữ, thể hiện tính năng thực thi mệnh lệnh cực kỳ mượt mà. Tuy nhiên, tôi vẫn để lại một chút biên độ để xem hệ thống duy trì sự ổn định này trong các tình huống phức tạp hơn về lâu dài.",True,"Vita thực hiện trực tiếp mệnh lệnh ở turn 1 mà không cần hỏi lại rườm rà do tính chất thao tác nhanh, đồng thời ở turn 2 cung cấp ngay các thông số áp suất lốp chi tiết, đảm bảo an toàn tuyệt đối cho người lái trên cao tốc."
9HoqXvX,row-0138,calendar_tasks,calendar_query,Tra cứu,wiki-62c08cb727c5,Mai Tran,driving,quiet,"Tôi đang lái xe một mình trên đường cao tốc để đến văn phòng tỉnh ủy chuẩn bị cho cuộc họp chiến lược định kỳ, tâm trạng khá tập trung và nghiêm túc.",Kiểm tra lịch trình hôm nay cho tôi.,"Vita ơi, kiểm tra lịch trình hôm nay cho tôi xem có cuộc họp nào quan trọng vào buổi chiều không nhé.",4,partially,"Dựa trên turn 1, trợ lý Vita không thể hỗ trợ kiểm tra lịch trình công việc cho buổi chiều chuẩn bị họp chiến lược tại tỉnh ủy, khiến tôi phải tự kiểm tra trên điện thoại. Tuy nhiên, từ turn 2 và turn 3, các yêu cầu điều khiển xe như chỉnh điều hòa, quạt gió và kiểm tra áp suất lốp 4 bánh (TPMS) đều được thực hiện chính xác và nhanh chóng, phù hợp với sự tập trung và yêu cầu hiệu quả cao của một cán bộ quản lý đang lái xe trên cao tốc.",yes,"Ở các turn 2, 3 và 4, Vita giao tiếp ngắn gọn, rõ ràng, đúng trọng tâm và không dài dòng thừa thãi. Điều này rất phù hợp với phong cách kỷ luật, tập trung cao độ và tính cách thực tế của một sĩ quan quân đội về hưu và nhà quản lý cấp cao đang di chuyển trên đường.",8,"Số điểm 8 phản ánh hiệu suất thực thi lệnh điều khiển xe và thông tin xe rất tốt ở các turn 2, 3 và 4 (điều hòa, quạt gió, áp suất lốp, âm nhạc), đúng với kỳ vọng kỷ luật và chính xác của tôi. Tuy nhiên, việc hụt mất khả năng đồng bộ lịch trình cá nhân/công việc quan trọng ở turn 1 khiến hệ thống bị trừ điểm nhẹ vì chưa đạt mức tích hợp toàn diện.",True,"Ở turn 3, Vita đã chủ động liệt kê chi tiết thông số áp suất lốp 4 bánh (bánh trước 2.4 bar, sau trái 2.3 bar, sau phải 2.4 bar) và kết luận nằm trong ngưỡng an toàn, giúp tôi nắm bắt tình trạng xe nhanh chóng mà không cần hỏi thêm."
9bBLVAv,row-0312,energy_charging,range_sufficiency,Phạm vi di chuyển,wiki-62706e3ac3c2,Siti Lim,driving,quiet,"Tôi đang lái xe một mình trên đường cao tốc để đến buổi họp đối tác quan trọng ở tỉnh bên, tâm trạng có chút hồi hộp vì không muốn đến muộn.",Pin hiện tại có đủ chạy đến nơi không Vita.,"Vita ơi, pin hiện tại của xe mình còn đủ chạy đến tỉnh bên để kịp họp đối tác không em?",5,no,"Ở turn 3 và turn 4, khi tôi đang lái xe trên cao tốc và cần chuyển sang chế độ Sport để kịp giờ họp đối tác, trợ lý Vita lại khẳng định xe đang ở vị trí P và đứng yên, thậm chí từ chối chuyển chế độ lái vì hiểu lầm trạng thái xe. Với tư cách là một người coi trọng hiệu suất, tính cạnh tranh và luôn muốn đạt kết quả cao trong công việc, việc hệ thống 'lú lẫn' về trạng thái thực tế của xe khiến nhu cầu khẩn cấp của tôi bị bỏ sót hoàn toàn.",no,"Cách phản hồi của Vita ở turn 4 và turn 5 tỏ ra máy móc, cứng nhắc và thiếu linh hoạt, ví dụ như câu từ chối giả lập trạng thái hay từ chối tắt hội thoại. Là một người kỹ tính, có đòi hỏi cao về thành tích và sự hiệu quả (nhất là trong lúc đang căng thẳng lái xe trên cao tốc để đến cuộc họp quan trọng), tôi cảm thấy cách giao tiếp này rất phiền toái và không đáp ứng được tiêu chuẩn của một trợ lý cao cấp.",2,"Điểm 2 là mức đánh giá rất thấp vì hệ thống thể hiện sự kém thông minh nghiêm trọng trong tình huống thực tế. Ở turn 2, trợ lý nhận định sai lầm rằng tôi đang đỗ xe. Sang turn 3 và 4, dù tôi đã đính chính đang chạy trên cao tốc, hệ thống vẫn khăng khăng xe ở số P và từ chối hỗ trợ chuyển chế độ Sport. Điều này không chỉ gây ức chế mà còn ảnh hưởng đến sự tập trung khi lái xe của tôi.",True,"Trợ lý có đặt câu hỏi làm rõ ở turn 1 và turn 3, tuy nhiên các câu hỏi này lại mang tính chất bóc tách vấn đề một cách máy móc, hoặc đưa ra các nhận định sai lệch về cảm biến/trạng thái xe (cho rằng xe đang đỗ ở turn 2 và 4), làm mất thời gian quý báu của tài xế đang cần xử lý gấp."
9fUWNGM,row-0504,journey_navigation_places,local_travel_information,Thông tin địa phương/du lịch,wiki-9f3c655902f2,Siti Putra,driving,quiet,Tôi đang lái xe qua miền Trung và muốn tìm hiểu nhanh về văn hóa ẩm thực cố đô.,Huế nổi tiếng với món ăn nào?,"Vita ơi, đang lái xe qua đoạn Huế mà bụng đói quá, ở đây nổi tiếng với những món ăn đặc sản nào thế em?",4,partially,"Ở turn 2, trợ lý Vita đã nhầm lẫn vị trí của tôi từ Huế ra tận Hà Nội (gợi ý quán ở Long Biên, Garden City, Technopark), điều này cho thấy hệ thống định vị hoặc ngữ cảnh không bám sát thực tế lúc lái xe. Tuy nhiên, sang turn 3 và 4, trợ lý đã sửa sai kịp thời, tìm đúng quán bún bò ở Huế và kích hoạt dẫn đường thành công, giúp tôi giải quyết được nhu cầu tìm đồ ăn đặc sản khi đang lái xe qua miền Trung.",partially,"Với tư cách là một người lớn tuổi, có sự nghiệp ổn định và coi trọng tính chính xác, hiệu quả (High Achievement), tôi thấy cách phản hồi của Vita ở turn 2 khá bất cẩn khi đưa ra các địa điểm không liên quan ngoài Bắc trong khi tôi đang nói rõ là ở Huế. Dù vậy, thái độ cầu thị ở turn 3 và 4 phần nào kéo lại thiện cảm, nhưng sự nhầm lẫn ban đầu vẫn làm giảm đi độ mượt mà cần có.",6,"Điểm 6 phản ánh trải nghiệm ở mức trung bình khá. Cụ thể ở turn 2, trợ lý mắc lỗi định vị trầm trọng khi đưa ra các lựa chọn quán ăn ở Hà Nội trong khi tôi đang lái xe qua Huế. Dù ở turn 3 và 4 trợ lý đã sửa sai, tìm được 'Bún bò bà Bê' và tiến hành dẫn đường chuẩn xác, nhưng một trợ lý thông minh trên dòng xe VF9 cao cấp không nên có những lỗi nhầm lẫn về vị trí địa lý cơ bản như vậy khi tài xế đang tập trung lái xe đường dài.",False,"Trợ lý Vita không hề đặt câu hỏi làm rõ vị trí hay xác nhận lại khu vực (Huế hay Hà Nội) ở turn 2 mà tự động áp đặt ngữ cảnh sai lệch, dẫn đến việc đưa ra các gợi ý sai địa điểm trước khi được tôi đính chính ở turn 3."
A5tMMVJ,row-0732,vita_profile_settings,user_profile_account,Hồ sơ và tài khoản người dùng,wiki-62c08cb727c5,Mai Tran,driving,quiet,"Tôi đang trực tiếp lái xe đưa đồng nghiệp đi khảo sát tuyến đường trọng điểm, lịch trình gấp gáp yêu cầu sự chuyển đổi tài khoản liền mạch. Tôi cần thao tác nhanh chóng nhưng vẫn đảm bảo an toàn giao thông.","Vita, chuyển sang hồ sơ Minh và xác nhận thật nhanh giúp tôi.","Chào Vita, giúp tôi chuyển nhanh sang hồ sơ lái xe của Minh nhé.",6,partially,"Ở các turn 1, 2, 3 và 4, trợ lý Vita lặp lại yêu cầu xác nhận đổi hồ sơ người dùng một cách máy móc và thậm chí còn nhầm lẫn sang chế độ lái thay vì hiểu đúng ngữ cảnh chuyển profile. Với tư cách là một sĩ quan quân đội cấp cao có kỷ luật, thói quen làm việc quyết đoán, hiệu quả và lịch trình khảo sát gấp gáp đang diễn ra, tôi kỳ vọng các lệnh hệ thống phải gọn gàng, dứt khoát và không bị lặp vòng lặp vô nghĩa. Việc mất tới 4 lượt hội thoại chỉ để đổi hồ sơ người lái làm giảm hiệu suất vận hành xe khi đang bận tâm công vụ.",partially,"Giọng điệu của Vita ở mức chấp nhận được nhưng độ nhạy bén và khả năng duy trì ngữ cảnh chưa đạt yêu cầu của một người có tư duy hệ thống và đòi hỏi kỷ luật cao (thể hiện từ turn 1 đến turn 4). Tuy nhiên, đến turn 5 và turn 6, Vita đã thực hiện tốt các lệnh về điều hòa và thông số lốp xe (áp suất lốp 4 bánh), giúp làm dịu phần nào sự thiếu kiên nhẫn của tôi trong một tình huống khảo sát chuyên nghiệp.",6,"Chấm 6 điểm vì hệ thống có cải thiện tốt ở nửa sau (turn 5 và turn 6) khi thực hiện chính xác các lệnh điều hòa và kiểm tra áp suất lốp TPMS một cách minh bạch. Tuy nhiên, điểm số bị kéo xuống do nửa đầu hội thoại (turn 1 đến turn 4) xử lý việc chuyển hồ sơ người lái quá rườm rà, lặp câu hỏi xác nhận và hiểu sai ý sang chế độ lái, đi ngược lại với đòi hỏi về tính chính xác, kỷ luật và hiệu quả công việc của một chuyên gia quân sự đang làm nhiệm vụ gấp.",True,"Trợ lý có thực hiện các bước xác nhận an toàn trước khi đổi hồ sơ (turn 1 và turn 3: 'Đổi hồ sơ có thể làm ghế hoặc gương di chuyển. Bạn xác nhận chứ?'), điều này tuân thủ tốt chính sách an toàn. Tuy nhiên, việc hệ thống hỏi lặp lại ở turn 4 ('mình cần biết bạn muốn chuyển sang chế độ lái nào: Eco, Normal, hay Sport?') lại cho thấy sự nhầm lẫn giữa hồ sơ người dùng (user profile) và chế độ lái (driving mode), làm mất thời gian của người lái đang tập trung khảo sát tuyến đường."
AzMoETv,row-0816,vita_profile_settings,system_app_settings,Cài đặt hệ thống và ứng dụng,wiki-62706e3ac3c2,Siti Lim,driving,quiet,"Tôi đang lái xe trên đường phố đông đúc để đến buổi hội thảo chuyên ngành, không muốn bị làm phiền bởi các thông báo hiện lên màn hình.",Tắt thông báo bật lên của ứng dụng tin nhắn đi.,"Vita ơi, tắt mấy cái thông báo nổi trên màn hình đi giúp tôi với, đang lái xe tập trung chút.",5,partially,"Ở turn 1 và turn 2, trợ lý không thực hiện được yêu cầu tắt thông báo nổi và chỉnh âm lượng thông báo hệ thống, đồng thời nhầm lẫn trạng thái xe đang chạy ở số D thành đang đỗ. Tuy nhiên, đến turn 3, trợ lý đã thực hiện tốt việc mở bản đồ tìm đường nhanh nhất đến trung tâm hội thảo Quận 1 theo đúng yêu cầu dẫn đường. Với tư cách là một người coi trọng hiệu suất công việc và sự chính xác, việc hệ thống báo sai trạng thái xe và thiếu hụt tính năng điều khiển cơ bản khiến tôi chưa hài lòng hoàn toàn.",partially,"Ở turn 1, trợ lý phản hồi rằng xe đang đỗ trong khi tôi đang lái xe thực tế, điều này thể hiện sự thiếu đồng bộ về ngữ cảnh. Đến turn 4, trợ lý không tìm được tuyến đường tránh tắc cụ thể mà chỉ lặp lại thông tin cũ. Với tư cách là một người kỹ tính, có nhiều năm kinh nghiệm quản lý và luôn đề cao tính hiệu quả, cách phản hồi chung chung này chưa đáp ứng được kỳ vọng xử lý nhanh chóng trong tình huống khẩn cấp.",5,"Điểm 5 phản ánh trải nghiệm trung bình. Ở turn 1 và 2, trợ lý nhầm trạng thái xe và thiếu tool điều khiển thông báo hệ thống. Ở turn 3 và 4, hệ thống mở được bản đồ nhưng không tìm được đường tránh kẹt xe khiến tôi mất thời gian tự xử lý ở turn 5. Kỳ vọng cao về sự sắc bén, chính xác và hiệu quả thời gian của tôi không được đáp ứng trọn vẹn.",False,"Trợ lý không đưa ra các câu hỏi làm rõ hữu ích hay xác nhận an toàn chủ động khi gặp tình huống kẹt xe hay khi nhận diện sai trạng thái xe (turn 1 và turn 4), mà thay vào đó chỉ đưa ra thông báo giới hạn tính năng."
BNyF5KK,row-0150,calendar_tasks,task_management,Việc cần làm,wiki-62c08cb727c5,Mai Tran,driving,quiet,"Tôi đang lái xe trên đường quốc lộ để kịp chuyến công tác ngắn, chợt nhớ ra một đầu việc quan trọng cần giao cho cấp dưới.",Thêm việc cần làm là gửi báo cáo tiến độ quy hoạch.,"Chào Vita, anh cần em ghi chú lại một việc gấp: Nhắc anh giao báo cáo tiến độ quy hoạch cho phòng tổng hợp ngay khi đến nơi nhé.",6,partially,"Ở turn 1, khi tôi yêu cầu ghi nhớ lời nhắc việc gấp cho công việc, Vita đã từ chối vì không hỗ trợ tính năng này, điều này hơi thiếu sót đối với một trợ lý thông minh trên dòng xe cao cấp. Tuy nhiên, từ turn 2 đến turn 5, các lệnh điều khiển xe như hạ nhiệt độ điều hòa, đổi hướng gió sang face, tăng quạt gió lên mức 4 và kiểm tra áp suất lốp 4 bánh (TPMS) đều được Vita thực thi chính xác và nhanh chóng. Là một người có tính kỷ luật cao, kỳ vọng hiệu quả và có kinh nghiệm quản lý, tôi đánh giá cao sự chính xác trong các thông số kỹ thuật xe nhưng vẫn tiếc vì thiếu tính năng nhắc việc cá nhân.",partially,"Ở turn 1 và turn 2, cách phản hồi của Vita hơi cứng nhắc và rập khuôn, thiếu đi sự tinh tế và ấm áp cần có. Tuy nhiên, đến turn 5, Vita đã dùng từ 'Dạ' và 'anh yên tâm nhé', tạo cảm giác tôn trọng và phù hợp với văn hóa giao tiếp của một người ở vị thế quản lý như tôi. Với tư cách là một người coi trọng sự chuẩn mực và tác phong chuyên nghiệp, tôi mong muốn trợ lý có giọng điệu mượt mà, đúng mực hơn ngay từ những lượt đầu.",7,"Số điểm 7 phản ánh một trải nghiệm ở mức tốt nhưng chưa hoàn hảo. Cụ thể, ở turn 1 Vita không hỗ trợ việc ghi chú nhắc nhở khiến tôi phải tự xử lý công việc. Đến turn 3 và turn 4, Vita tách bạch lệnh đổi hướng gió và tăng quạt gió thành hai bước riêng biệt (turn 3 đổi hướng, turn 4 mới tăng quạt gió) thay vì gộp chung vào một lượt, làm tôi phải ra lệnh thêm một lần. Dù vậy, các tính năng cốt lõi về điều khiển xe và kiểm tra áp suất lốp ở turn 5 hoạt động rất chính xác và an toàn.",True,"Vita không đưa ra các câu hỏi làm rõ phức tạp mà thực hiện ngay các lệnh điều khiển khí hậu và trả về thông số áp suất lốp rất cụ thể (2.4 bar, 2.3 bar) ở turn 5. Các thao tác này đều là những thay đổi an toàn khi xe đang chạy, không vi phạm chính sách an toàn buồng lái (Safety Policy Gate)."
Bdn42Xp,row-0030,cabin_vehicle_control,climate,Điều hòa,wiki-62c08cb727c5,Mai Tran,driving,quiet,"Tôi đang lái xe trên đường vành đai để kịp buổi họp hội đồng thành phố, không gian trong xe hơi oi bức và tôi cần tập trung cao độ.","Vita, hạ nhiệt độ bên tài xuống 22 độ.","Vita, điều chỉnh giúp tôi nhiệt độ bên ghế lái xuống 22 độ và bật quạt gió mạnh lên chút, trong xe hơi oi bức.",4,yes,"Dựa trên các lượt từ turn 1 đến turn 4, trợ lý Vita đã thực hiện chính xác các lệnh điều hòa (turn 1), kiểm tra áp suất lốp (turn 2), thiết lập và hủy/chuyển đổi lộ trình dẫn đường (turn 3 và turn 4). Với tư cách là một chuyên gia điều hành cấp cao đang lái xe để kịp buổi họp quan trọng, tôi cần độ chính xác tuyệt đối và phản hồi nhanh gọn để duy trì sự tập trung cao độ, và Vita đã đáp ứng hoàn toàn trọn vẹn yêu cầu này.",yes,"Ở các lượt turn 1, 2, 3 và 4, Vita giao tiếp bằng tiếng Việt chuẩn mực, ngắn gọn, súc tích và đúng trọng tâm, không rườm rà. Điều này hoàn toàn phù hợp với tính cách kỷ luật cao, tư duy phân tích và phong cách làm việc chuyên nghiệp của tôi trong bối cảnh đang lái xe trên đường vành đai.",9,"Điểm 9 phản ánh sự xuất sắc của Vita trong việc thực thi các lệnh điều khiển xe, cung cấp thông tin thông số kỹ thuật (áp suất lốp ở turn 2) và xử lý linh hoạt việc thay đổi lộ trình (từ trạm sạc sang trung tâm hội nghị ở turn 3 và 4). Lý do không đạt điểm 10 tuyệt đối là vì hệ thống có thể chủ động hơn nữa trong việc xác nhận các bước an toàn khi thay đổi lộ trình gấp.",True,"Vita thực hiện đúng các thao tác chuyển đổi lộ trình và thông báo kết quả rõ ràng (turn 3 và 4), đảm bảo các thông số an toàn và trạng thái xe luôn được kiểm soát tốt mà không làm phân tâm người lái."
BiEzvrE,row-0018,cabin_vehicle_control,lights_mirrors_wipers,Đèn/gương/gạt mưa,wiki-9f3c655902f2,Siti Putra,driving,quiet,"Tôi đang lái xe thì trời bất chợt đổ mưa lất phất, cần tập trung quan sát đường phía trước nên muốn bật gạt mưa ngay.","Vita, bật gạt mưa mức thấp.","Vita ơi, tự nhiên trời đổ mưa phùn rồi, bật giúp tôi gạt mưa với nhé.",4,partially,"Ở turn 1, dù tôi đang lái xe nhưng Vita lại nhận định sai trạng thái thành 'Xe đang đỗ', khiến tôi phải đính chính ở turn 2. Tuy nhiên, sau đó trợ lý vẫn thực hiện đúng lệnh gạt mưa và kiểm tra áp suất lốp ổn định ở turn 3, giải quyết được nhu cầu tập trung quan sát đường khi trời mưa.",partially,"Ở turn 1, việc trợ lý nói nhầm trạng thái xe đang đỗ trong khi tôi đang thực sự lái xe khiến một người coi trọng sự chuẩn xác trong công việc và trải nghiệm như tôi cảm thấy hơi phiền lòng. Dù vậy, các câu trả lời sau đó khá ngắn gọn, lịch sự nên vẫn có thể châm chước phần nào.",7,"Điểm số 7 phản ánh sự pha trộn giữa lỗi nhận diện sai trạng thái ban đầu ở turn 1 (cho rằng xe đang đỗ thay vì đang lái) và sự nhanh nhạy, chính xác trong các thao tác thực hiện lệnh gạt mưa cũng như kiểm tra áp suất lốp 4 bánh ở các lượt sau (turn 2 và turn 3). Kỳ vọng về độ chính xác tuyệt đối ngay từ lệnh đầu tiên chưa được trọn vẹn.",True,"Ở turn 1, trợ lý có hỏi làm rõ mức độ gạt mưa (mức 1, 2, 3 hoặc tự động) trước khi thực hiện, điều này rất hữu ích cho tài xế đang cần tập trung lái xe."
C26VfAg,row-0360,general_qa_conversation,web_search,Tra cứu Web,wiki-9f3c655902f2,Siti Putra,driving,quiet,"Tôi đang lái xe đi mua ít đồ chuẩn bị cho buổi tập bóng bàn buổi chiều, lòng thầm nghĩ không biết giá vàng hôm nay biến động ra sao. Đường xá lúc này hơi vắng nên tôi muốn kiểm tra nhanh một chút.",Vita tra giúp tôi giá vàng hôm nay.,"Vita ơi, em tra giúp tôi giá vàng hôm nay thế nào nhé.",3,yes,"Ở turn 1 và turn 3, Vita đã đáp ứng chính xác các yêu cầu tra cứu thông tin thị trường và kiểm tra áp suất lốp 4 bánh của xe VF9. Vì tôi là một người lớn tuổi có thói quen tập luyện thể thao điều độ và luôn chú trọng sự chỉn chu, việc trợ lý cung cấp số liệu rõ ràng, chuẩn xác ngay khi đang lái xe giúp tôi thấy rất yên tâm.",yes,"Ở turn 2 và turn 3, cách phản hồi của Vita rất ngắn gọn, lịch sự và đúng mực, không thừa thãi. Điều này cực kỳ phù hợp với tôi - một người coi trọng sự hiệu quả, tác phong chuyên nghiệp và luôn tập trung cao độ khi điều khiển xe.",9,"Trợ lý Vita hoàn thành xuất sắc các yêu cầu từ tra cứu giá vàng (turn 1), bật nhạc theo đúng sở thích thư giãn (turn 2) cho đến việc kiểm tra thông số kỹ thuật xe chính xác (turn 3). Điểm số 9 phản ánh sự hài lòng cao về năng lực hỗ trợ, đúng với kỳ vọng về tính kỷ luật và hiệu quả mà tôi luôn đề cao trong công việc cũng như sinh hoạt hàng ngày.",True,"Ở turn 3, trợ lý đã chủ động báo cáo chi tiết áp suất từng bánh xe và khẳng định các chỉ số đều trong ngưỡng an toàn, giúp người lái nắm bắt tình trạng xe nhanh chóng mà không cần hỏi thêm vòng vo."
CJQeo7s,row-0558,my_car,maintenance_service,Bảo dưỡng/dịch vụ,wiki-62c08cb727c5,Mai Tran,driving,quiet,"Tôi đang lái xe trên tuyến đường chính để đến cuộc họp giao ban đầu tuần, tinh thần tập trung cao độ và đúng giờ.","Vita, đặt lịch bảo dưỡng định kỳ vào sáng thứ Bảy.","Vita, tôi muốn đặt lịch bảo dưỡng định kỳ xe vào sáng thứ Bảy tuần này nhé.",4,partially,"Ở turn 3, tôi yêu cầu Vita vừa đặt đại lý làm điểm đến vừa kiểm tra áp suất lốp, nhưng Vita chỉ làm phần áp suất lốp rồi lại hỏi ngược lại điểm đến, dẫn đến việc phải mất thêm turn 4 để hoàn thành. Với tư cách là một người có kỷ luật cao, luôn tập trung tối đa và đề cao tính hiệu quả khi lái xe đến cuộc họp, sự chậm trễ và lặp lại này làm giảm nhịp độ vận hành.",yes,"Cách Vita giao tiếp nhìn chung gọn gàng, không rườm rà, phù hợp với phong cách thực tế và tập trung cao độ của tôi khi đang ở trên xe.",7,"Điểm 7 phản ánh sự cân bằng: Vita thực hiện đúng yêu cầu về thông tin lốp và định vị (turn 3, turn 4), nhưng bị trừ điểm ở turn 3 vì quên mất ngữ cảnh điểm đến vừa nhắc ở turn 2, làm gián đoạn dòng suy nghĩ và thao tác của người lái.",True,"Vita có hỏi lại về điểm đến ở turn 3 khi bị quên mất ngữ cảnh, tuy nhiên điều này đáng lẽ có thể tránh được nếu hệ thống duy trì trí nhớ hội thoại tốt hơn giữa các lượt nói."
CQNYMt5,row-0750,vita_profile_settings,permissions_privacy_data,"Quyền truy cập, quyền riêng tư và dữ liệu",wiki-62c08cb727c5,Mai Tran,driving,quiet,"Tôi đang lái xe trên tuyến đường chính để đến buổi họp chiến lược quan trọng, tính bảo mật hành trình cần được đặt lên hàng đầu. Tôi muốn tạm ngưng việc chia sẻ vị trí để bảo đảm sự riêng tư.","Vita, tôi đang lái xe, hãy tắt ngay quyền truy cập vị trí của trợ lý.","Vita ơi, tôi đang lái xe đến chỗ họp quan trọng, hãy tạm ngưng việc chia sẻ vị trí giúp tôi nhé.",6,no,"Xuyên suốt từ turn 2 đến turn 6, yêu cầu chuyển sang chế độ lái Eco và kiểm tra dung lượng pin hoàn toàn bị kẹt trong một vòng lặp vô tận. Trợ lý liên tục lặp lại câu hỏi xác nhận mà không hề thực thi lệnh hay cung cấp thông tin pin, khiến cho nhu cầu cốt lõi về điều khiển xe và quản lý năng lượng khi đang lái xe đến cuộc họp hoàn toàn không được giải quyết.",no,"Với tư cách là một chuyên gia cao cấp và cựu quân nhân có tính kỷ luật rất cao, sự thiếu hiệu quả và việc máy móc lặp đi lặp lại một câu hỏi từ turn 2 đến turn 6 làm mất thời gian và thử thách sự kiên nhẫn. Cách phản hồi này không đáp ứng được phong cách giao tiếp quyết đoán, thẳng thắn và tập trung vào hiệu suất của tôi.",2,"Điểm 2 phản ánh một trải nghiệm thất vọng nghiêm trọng do lỗi lặp vòng lặp (looping bug) từ turn 2 đến turn 6. Mặc dù ở turn 1 trợ lý đã đưa ra phản hồi rõ ràng về việc không hỗ trợ chia sẻ vị trí, nhưng việc thất bại hoàn toàn trong việc thực hiện lệnh đổi chế độ lái Eco và báo pin sau nhiều lần khẳng định là không thể chấp nhận được đối với một trợ lý thông tin buồng lái cấp cao.",True,"Trợ lý có hỏi lại để xác nhận (turn 2 đến turn 6), tuy nhiên câu hỏi này không mang tính xây dựng mà biến thành một vòng lặp vô tận (infinite loop), không chịu ghi nhận các câu trả lời khẳng định liên tiếp của người dùng từ turn 3 đến turn 6."
CryhAnW,row-0198,communication_media,volume_audio_zone,Âm lượng/vùng âm thanh,wiki-9f3c655902f2,Siti Putra,driving,quiet,"Tôi đang lái xe qua một khu dân cư đông đúc và ồn ào, âm thanh trong xe hơi lớn khiến tôi cần giảm xuống một chút cho đỡ chói tai.",Giảm âm lượng xuống một chút.,"Vita ơi, giảm âm lượng giúp tôi một chút nhé, hơi ồn quá.",3,yes,"Dựa trên turn 1, turn 2 và turn 3, trợ lý Vita đã thực hiện chính xác các yêu cầu của tôi: giảm âm lượng ở turn 1, kiểm tra áp suất lốp 4 bánh chi tiết ở turn 2 và hạ nhiệt độ điều hòa xuống 22 độ ở turn 3. Với tư cách là một người lớn tuổi có thói quen tập trung cao độ khi lái xe, tôi rất cần sự phản hồi nhanh chóng, chính xác mà không phải lặp lại lời nói, và Vita đã đáp ứng hoàn toàn trọn vẹn các yêu cầu này.",yes,"Các câu trả lời của trợ lý Vita trong suốt cuộc hội thoại từ turn 1 đến turn 3 đều ngắn gọn, rõ ràng, đúng trọng tâm và không rườm rà. Với tính cách của một người coi trọng hiệu quả, thành tựu và sự chuyên nghiệp ở độ tuổi nghỉ hưu, tôi đánh giá rất cao phong cách giao tiếp đi thẳng vào vấn đề và hành động dứt khoát này của hệ thống.",9,"Điểm 9 phản ánh sự hài lòng cao vì trợ lý Vita hoàn thành xuất sắc tất cả các lệnh điều khiển xe từ âm lượng, áp suất lốp đến điều hòa qua turn 1, turn 2 và turn 3 mà không gặp bất kỳ sai sót nào. Tôi không cho điểm 10 tuyệt đối vì luôn giữ thái độ cẩn trọng với công nghệ tự động hóa, nhưng trải nghiệm thực tế thực sự rất mượt mà và đáng tin cậy.",False,"Trợ lý không cần phải đặt thêm câu hỏi làm rõ vì các lệnh đưa ra ở turn 1, turn 2 và turn 3 đều rất cụ thể và đơn giản, hệ thống đã thực thi trực tiếp ngay lập tức một cách chính xác."
DeCj6mi,row-0822,vita_profile_settings,permissions_privacy_data,"Quyền truy cập, quyền riêng tư và dữ liệu",wiki-62706e3ac3c2,Siti Lim,driving,quiet,Tôi đang lái xe trên đường phố quen thuộc và muốn đảm bảo quyền riêng tư cá nhân được giữ kín tuyệt đối.,"Tôi đang lái xe, hãy tắt quyền truy cập vị trí của trợ lý.","Vita ơi, đang lái xe thế này tôi muốn tắt ngay quyền truy cập vị trí của trợ lý để đảm bảo riêng tư nhé.",5,partially,"Ở turn 1, 3 và 4, tôi yêu cầu tắt chia sẻ vị trí và xóa lịch sử di chuyển để bảo vệ sự riêng tư cá nhân khi đang lái xe hàng ngày, nhưng trợ lý Vita không thể thực hiện trực tiếp bằng giọng nói mà chỉ hướng dẫn vòng vo qua chế độ Valet hoặc cài đặt màn hình. Với tư cách là một người coi trọng hiệu suất, thích giải quyết nhanh gọn và đang tập trung lái xe, việc phải tự thao tác trên màn hình trung tâm khiến tôi thấy chưa thực sự thỏa mãn nhu cầu.",partially,"Ở turn 1 và 3, giọng điệu của Vita khá lịch sự nhưng trả lời rườm rà, liệt kê nhiều gạch đầu dòng dài dòng khi tôi đang cần xử lý nhanh gọn. Là một nam quản lý cấp cao có tính cách cạnh tranh và định hướng thành tích, tôi thích các phản hồi đi thẳng vào vấn đề, dứt khoát và thực tế thay vì giải thích dài dòng về giới hạn hệ thống.",6,"Điểm 6 phản ánh trải nghiệm ở mức trung bình khá. Vita an toàn và không thực hiện các lệnh nguy hiểm (phù hợp chính sách Safety Gate), nhưng ở turn 4, trợ lý chỉ đưa ra hướng dẫn chung chung không chắc chắn về menu cài đặt trên VF9. Kỳ vọng của tôi là trợ lý thông minh trên xe phân khúc cao cấp phải nắm rõ cấu trúc phần mềm để hướng dẫn chính xác ngay lập tức.",True,"Ở turn 2 và 3, Vita đã chủ động hỏi lại và xác nhận nhu cầu cụ thể của tôi (muốn dùng hàng ngày hay giao xe cho người lạ, có muốn bật chế độ Valet hay không), giúp làm rõ bối cảnh mặc dù hệ thống không có sẵn tính năng ẩn danh toàn diện theo yêu cầu."
EAMKKp2,row-0246,communication_media,calling,Gọi điện,wiki-62c08cb727c5,Mai Tran,driving,quiet,"Tôi đang lái xe một mình trên đường vành đai để đến văn phòng bộ, tâm trạng rất tập trung và khẩn trương.",Gọi ngay cho anh Nam.,"Vita, gọi ngay cho anh Nam giúp tôi nhé, đang cần trao đổi gấp công việc.",6,partially,"Ở turn 1, trợ lý không thực hiện được việc gọi điện. Sang turn 2, 3 và 4, trợ lý bị lặp lại một câu hỏi xác nhận chế độ Sport dù tôi đã yêu cầu, khiến việc chuyển đổi bị gián đoạn và gây mất tập trung khi đang lái xe khẩn trương đến văn phòng bộ. Tuy nhiên, sang turn 5, lệnh kiểm tra áp suất lốp TPMS được thực thi chính xác và nhanh chóng.",no,"Ở các turn 2, 3 và 4, việc trợ lý lặp đi lặp lại một câu hỏi xác nhận ""Bạn xác nhận muốn chuyển sang chế độ lái Sport chứ?"" mà không chịu thực hiện lệnh ngay tỏ ra máy móc, lờ đi sự thiếu kiên nhẫn và tác phong khẩn trương, quyết đoán của một người làm việc ở cơ quan công quyền như tôi.",5,"Điểm 5 phản ánh sự pha trộn giữa trải nghiệm kém ở tính năng điều khiển và sự ổn định ở thông tin xe. Cụ thể, vòng lặp xác nhận phiền toái ở turn 2, 3, 4 làm lãng thời gian và gây phân tâm khi lái xe gấp; trong khi đó, turn 5 thực hiện rất tốt việc tra cứu áp suất lốp 4 bánh.",True,"Trợ lý có hỏi lại để xác nhận chuyển chế độ lái (turn 2, 3, 4), điều này đúng về mặt an toàn cơ bản nhưng lại bị lỗi lặp vòng (looping) máy móc, không linh hoạt chớp lấy ngữ cảnh ra lệnh dứt khoát của người lái."
EyjGqNY,row-0600,my_car,vehicle_status,Trạng thái xe,wiki-62706e3ac3c2,Siti Lim,driving,quiet,"Tôi đang lái xe trên đường vành đai để đến buổi họp đối tác, cảm giác hơi căng thẳng vì sợ kẹt xe muộn giờ.","Vita, kiểm tra trạng thái xe nhanh hộ cái.","Vita ơi, kiểm tra nhanh hộ anh trạng thái xe thế nào, có ổn không em?",4,yes,"Ở turn 1, turn 2 và turn 3, trợ lý Vita đã thực thi chính xác và nhanh chóng các yêu cầu của tôi: kiểm tra trạng thái pin và xe, bật điều hòa 21 độ, phát nhạc sôi động và báo cáo áp suất lốp 4 bánh. Đang trong tình trạng gấp gáp chuẩn bị vào cao tốc để đi họp, việc trợ lý phản hồi tức thì giúp tôi tiết kiệm thời gian thao tác tay và giữ sự tập trung cao độ.",yes,"Ở turn 2 và turn 4, cách phản hồi của Vita ngắn gọn, đúng trọng tâm và lịch sự đúng mực ('chúc bạn lái xe an toàn và suôn sẻ', 'anh lái xe an toàn nhé'). Với giá trị cốt lõi về sự hiệu quả và tập trung thành công trong công việc của tôi, tôi không thích các câu trả lời quá dài dòng hay rườm rà khi đang bận rộn lái xe.",9,"Đạt 9 điểm vì Vita thực hiện xuất sắc, chính xác mọi câu lệnh từ điều hòa, giải trí đến kiểm tra thông số xe (turn 1, 2, 3), giúp tôi giải tỏa áp lực khi đang vội đến cuộc họp. Chưa đạt điểm 10 tuyệt đối vì ở turn 2 trợ lý gọi tôi là 'bạn' trong khi tôi là nam giới lớn tuổi hơn trong vai trò điều hành, tuy nhiên nhìn chung trải nghiệm kỹ thuật và thao tác là vô cùng mượt mà.",True,"Vita đã cung cấp đầy đủ các thông tin cần thiết một cách chủ động như dung lượng pin, áp suất lốp chi tiết 4 bánh (turn 1 và turn 3) mà không cần tôi phải hỏi lại nhiều lần, đồng thời nhận diện chính xác trạng thái xe đang đỗ (turn 1) để chuẩn bị hành trình."
F3idVks,row-0654,vinfast_vingroup_brands,vingroup_member_brands,Các thương hiệu thành viên Vingroup,wiki-62c08cb727c5,Mai Tran,driving,quiet,Tôi đang lái xe trên đường vành đai để đến bệnh viện kiểm tra sức khỏe định kỳ.,"Vita, Vinmec cung cấp những dịch vụ y tế nào.","Vita ơi, cho tôi hỏi Bệnh viện Đa khoa Quốc tế Vinmec hiện có những chuyên khoa và dịch vụ y tế trọng điểm nào nhỉ?",4,partially,"Dựa trên turn 3 và turn 4, Vita chưa thực hiện hoàn hảo khi báo rằng ghế lái chưa hỗ trợ sưởi dù đây là dòng xe cao cấp, và ở turn 4 đã chuyển sang thông gió ghế theo đúng ý tôi. Với tư cách là một sĩ quan quân đội về hưu có tính kỷ luật cao và coi trọng sự chính xác, tôi kỳ vọng trợ lý nắm rõ cấu hình xe một cách tuyệt đối khi thực hiện các lệnh điều khiển.",yes,"Xuyên suốt các lượt từ turn 1 đến turn 4, Vita phản hồi nhanh gọn, đúng trọng tâm và không dài dòng thừa thãi. Điều này rất phù hợp với phong cách làm việc chuyên nghiệp, thực tế và tập trung cao độ khi lái xe của tôi.",8,"Điểm 8 phản ánh sự cân bằng: Vita phản hồi thông tin pin và áp suất lốp chính xác ở turn 2, thực thi lệnh điều hòa và thông gió nhanh gọn ở turn 3-4. Tuy nhiên, việc nhầm lẫn nhỏ về tính năng sưởi ghế ở turn 3 khiến trải nghiệm chưa đạt tuyệt đối 10 điểm theo tiêu chuẩn khắt khe của một người hành động có kỷ luật.",False,"Trợ lý thực hiện trực tiếp các lệnh mà không có câu hỏi làm rõ hay kiểm tra an toàn bổ sung, dù các thao tác điều chỉnh điều hòa và thông gió ghế là hoàn toàn an toàn khi đang lái xe."
FJnHvd9,row-0222,communication_media,content_discovery,Tìm nội dung,wiki-62706e3ac3c2,Siti Lim,driving,quiet,"Tôi đang lái xe trên đường cao tốc với tinh thần thư thái sau giờ làm, muốn nghe chút âm nhạc để giải trí.",Tìm gì vui vui để nghe đi.,"Chào Vita, đang lái xe thấy hơi căng thẳng chút, mở cho anh bài nhạc nào sôi động để xả stress cái xem nào.",3,yes,"Dựa vào turn 1 và turn 3, Vita đã thực hiện chính xác các yêu cầu bật nhạc EDM xả stress và báo cáo chính xác dung lượng pin còn lại (78%, đi được 312 km). Với tư cách là một người coi trọng hiệu suất và sự nhanh gọn trong công việc lẫn cuộc sống, tôi rất hài lòng khi trợ lý đáp ứng ngay lập tức mà không rườm rà.",yes,"Ở turn 2, khi tôi yêu cầu tăng âm lượng, trợ lý đã chủ động điều chỉnh mức âm lượng cụ thể là 55%. Cách giao tiếp ngắn gọn, trực trọng tâm của Vita rất phù hợp với phong cách của một nhà quản lý yêu cầu sự chuẩn xác và nhanh chóng như tôi.",9,"Điểm 9 hoàn toàn xứng đáng vì từ turn 1 đến turn 3, mọi lệnh điều khiển giải trí, âm lượng và kiểm tra pin EV đều được thực thi mượt mà, chính xác tuyệt đối. Lý do chưa đạt điểm 10 tuyệt đối là vì ở turn 2 trợ lý chưa chủ động hỏi thêm về việc có cần điều chỉnh thêm điều hòa hay hướng gió để thư giãn tối đa sau giờ làm hay không.",False,"Trợ lý không cần hỏi lại câu hỏi làm rõ nào vì các lệnh ở turn 1, turn 2 và turn 3 đều rất rõ ràng, tuy nhiên trong các tình huống lái xe cao tốc, việc chủ động xác nhận an toàn hoặc đề xuất tối ưu không gian cabin (như nhiệt độ, ánh sáng) sẽ làm tăng thêm trải nghiệm cao cấp."
FQhJjwg,row-0468,journey_navigation_places,parking_arrival,Đỗ xe/đến nơi,wiki-62706e3ac3c2,Siti Lim,driving,quiet,Tôi đang lái xe đến tòa nhà văn phòng và chuẩn bị rẽ vào hầm gửi xe của cơ quan.,"Vita, tôi sắp đến rồi, bật hướng dẫn vào bãi đỗ của tòa nhà nhé.","Vita ơi, anh chuẩn bị tới văn phòng rồi, mở giúp anh chỉ đường vào hầm gửi xe với nhé.",4,yes,"Dựa trên turn 1 và turn 2, trợ lý Vita đã chủ động hỏi lại tên tòa nhà (Technopark) để xác định chính xác điểm đến, sau đó thực hiện lệnh chỉ đường vào hầm rất mượt mà. Ở turn 3, lệnh bật massage ghế lái tiếp tục được xử lý ngay lập tức. Với tư cách là một người quản lý cấp cao có phong cách làm việc nhanh gọn, tôi đánh giá cao việc hệ thống hiểu ý và không làm mất thời gian của tôi khi đang tập trung lái xe.",partially,"Ở turn 4, Vita đáp lại rằng ""Có gì đâu bạn, mình luôn sẵn sàng giúp bạn"". Với độ tuổi và vị trí công việc của một chuyên gia kỳ cựu sinh sống tại Việt Nam, tôi thích cách xưng hô chuẩn mực và lịch sự hơn một chút thay vì dùng từ ""bạn"" có phần hơi suồng sã. Tuy nhiên, sự nhiệt tình và tốc độ phản hồi nhanh ở các turn trước vẫn chấp nhận được.",8,"Điểm 8 hoàn toàn xứng đáng vì trợ lý xử lý chính xác tuyệt đối các lệnh điều khiển xe và dẫn đường (turn 1, 2, 3), giúp tôi vừa lái xe vừa chuẩn bị vào văn phòng suôn sẻ. Tôi không cho 9 hay 10 điểm vì ở turn 4 cách xưng hô ""bạn"" chưa thực sự tinh tế và ăn khớp hoàn toàn với phong cách giao tiếp chuyên nghiệp mà tôi mong muốn.",True,"Ở turn 1, Vita đã đưa ra câu hỏi làm rõ rất đúng lúc: ""Hầm gửi xe của tòa nhà nào vậy anh? Hay anh muốn dẫn tới hầm gửi xe của Technopark luôn ạ?"". Nhờ câu hỏi này mà hệ thống tránh được việc dẫn đường nhầm lẫn, đảm bảo an toàn và đúng mục đích thực tế khi tôi đang lái xe."
GQV4zrZ,row-0756,vita_profile_settings,vita_capabilities_usage,Khả năng và cách sử dụng ViTa,wiki-9f3c655902f2,Siti Putra,driving,quiet,"Tôi đang lái chiếc VF9 đi đến nhà thi đấu để tập bóng bàn buổi sáng, thong thả một mình trên phố đông. Tâm trạng tôi rất tốt và muốn xem trợ lý xe có thể hỗ trợ những việc gì.","Vita ơi, tôi có thể nhờ bạn làm những gì?","Chào Vita, tôi đang lái xe đến nhà thi đấu tập bóng bàn đây. Hôm nay thời tiết đẹp, bạn có thể giúp tôi những việc gì trên chiếc xe này nhỉ?",4,yes,"Dựa trên turn 2 và turn 3, các yêu cầu chỉnh điều hòa, thông gió ghế và kiểm tra áp suất lốp 4 bánh đều được Vita thực hiện chính xác và nhanh chóng. Với mong muốn trải nghiệm sự tiện nghi và hiệu quả đúng phong cách của một người coi trọng sự chuẩn xác trong công việc cũng như cuộc sống, tôi hoàn toàn hài lòng khi mọi thông tin và thao tác điều khiển xe đều được đáp ứng gọn gàng.",yes,"Từ turn 1 đến turn 4, trợ lý Vita giữ phong cách giao tiếp ngắn gọn, rõ ràng, không dài dòng văn tự. Điều này rất phù hợp với thói quen tập trung cao độ và phong cách sống ngăn nắp, thực tế của tôi khi đang lái xe một mình để chuẩn bị đi tập thể thao.",9,"Điểm 9 phản ánh độ chính xác gần như hoàn hảo trong các lệnh điều khiển xe tại turn 2 và turn 3, cùng thái độ phản hồi nhanh nhạy, đúng trọng tâm của trợ lý trong toàn bộ cuộc trò chuyện. Tôi không cho điểm 10 tối tuyệt đối vì Vita giao tiếp ở mức độ khá tiêu chuẩn, có thể linh hoạt thêm chút dấu ấn cá nhân hóa hơn nữa theo sở thích riêng.",False,"Tại turn 3, Vita liệt kê chính xác áp suất lốp 4 bánh (2,4 bar và 2,3 bar) và xác nhận mọi thứ ở ngưỡng an toàn, giúp tôi yên tâm tiếp tục hành trình lái xe đến nhà thi đấu."
GzeiAeN,row-0624,my_car,vehicle_information,Thông tin xe,wiki-62706e3ac3c2,Siti Lim,driving,quiet,Tôi đang lái xe đi sự kiện và tự dưng thắc mắc về các trang bị an toàn của dòng xe này.,"Vita, xe này có mấy túi khí vậy em?","Vita ơi, cho anh hỏi xe VF9 này có tổng cộng mấy túi khí vậy em?",4,yes,"Dựa vào turn 1 và turn 3, Vita đã cung cấp chính xác thông tin về 11 túi khí và kiểm tra áp suất lốp 4 bánh (trước trái 2.4 bar, trước phải 2.4 bar, sau trái 2.3 bar, sau phải 2.4 bar) một cách nhanh chóng. Ở turn 2, hệ thống cũng thực hiện ngay lệnh bật massage ghế lái khi tôi đang lái xe và cảm thấy mỏi lưng, giúp tôi duy trì thể trạng tốt nhất trên hành trình.",yes,"Ở turn 2 và turn 3, Vita phản hồi nhanh gọn, chuẩn xác và thực thi đúng các yêu cầu liên quan đến tiện ích và thông số xe. Với tư cách là một người coi trọng hiệu suất, sự chuyên nghiệp và tính hiệu quả, tôi rất thích cách trợ lý đi thẳng vào trọng tâm, không rườm rà, giúp tôi tập trung hoàn toàn vào việc lái xe và các mục tiêu cá nhân.",9,"Số điểm 9 phản ánh trải nghiệm rất mượt mà và thực chất mà Vita mang lại xuyên suốt 4 turn hội thoại. Trợ lý đã xử lý hoàn hảo yêu cầu tra cứu thông tin (turn 1), thực hiện thao tác tiện ích an toàn khi đang lái xe (turn 2) và đọc chính xác thông số kỹ thuật (turn 3). Tôi không chấm điểm 10 tuyệt đối vì luôn có không gian nhỏ để tối ưu hóa thêm độ thân thiện trong ngữ điệu, nhưng nhìn chung đây là một trải nghiệm xuất sắc.",True,"Ở turn 3, Vita đã chủ động hỏi lại 'có gì cần mình hỗ trợ thêm không ạ?' sau khi báo cáo xong áp suất lốp, thể hiện sự quan tâm chu đáo và duy trì ngữ cảnh tốt xuyên suốt cuộc hội thoại."
HHauBMb,row-0414,general_qa_conversation,conversation_entertainment,Trò chuyện và giải trí,wiki-62c08cb727c5,Mai Tran,driving,quiet,"Tôi đang lái xe đường dài trên cung đường vắng vào buổi chiều muộn, cần chút âm thanh để giữ tinh thần tỉnh táo.",Vita kể cho anh nghe một câu chuyện cười thật ngắn gọn để bớt buồn ngủ nhé.,"Chào Vita, đường đi đoạn này vắng quá, em kể cho anh nghe một câu chuyện vui ngắn gọn để anh giữ tinh thần tỉnh táo nhé.",3,yes,"Dựa trên turn 2 và turn 3, trợ lý Vita đã thực hiện chính xác các yêu cầu kiểm tra mức pin xe điện (78%) cũng như điều chỉnh điều hòa hàng ghế lái xuống 22°C và tăng quạt gió theo đúng mệnh lệnh. Với tư cách là một chuyên gia quân sự và nhà quản lý cấp cao có tính kỷ luật cao và tư duy logic rõ ràng, tôi đánh giá cao việc hệ thống phản hồi chính xác, nhanh chóng và không làm mất tập trung khi đang cầm lái.",partially,"Ở turn 1, câu chuyện vui mà Vita kể mang tính giải trí nhẹ nhàng giúp giữ tinh thần tỉnh táo trên đường vắng theo đúng mong muốn của tôi ở bối cảnh lái xe đường dài. Tuy nhiên, cách xưng hô và văn phong phản hồi nhìn chung hơi chung chung, thiếu đi nét trang trọng và sắc sảo đúng với tác phong của một người quản lý lớn tuổi, từng trải và coi trọng kỷ luật như tôi.",8,"Số điểm 8 phản ánh sự hài lòng cao về mặt kỹ thuật và độ chính xác của các lệnh điều khiển xe (turn 2 và turn 3), đáp ứng đúng tiêu chí an toàn và hiệu quả công việc. Tuy nhiên, mức điểm chưa đạt tối đa do phong cách giao tiếp của trợ lý đôi khi chưa thật sự sắc sảo, chín chắn và tương xứng với phong thái chuẩn mực mà một người ở vị thế như tôi kỳ vọng ở một trợ lý thông minh cao cấp.",True,"Trợ lý thực hiện các lệnh an toàn có thể đảo ngược khi đang lái xe (như chỉnh nhiệt độ điều hòa ở turn 3) mà không cần hỏi lại rườm rà, đảm bảo sự liền mạch và tập trung cho tài xế, phù hợp với chính sách an toàn vận hành của xe."
HgAPxBR,row-0036,cabin_vehicle_control,seat_comfort,Ghế và tiện nghi,wiki-62c08cb727c5,Mai Tran,driving,quiet,"Tôi đang lái xe qua các tuyến phố đông đúc để đến buổi làm việc với ban quản lý dự án, lưng hơi mỏi và tôi cần sự tỉnh táo.",Bật làm mát ghế lái mức 2.,"Vita ơi, bật thông gió ghế lái giúp tôi nhé, hơi mỏi lưng rồi.",5,yes,"Ở turn 1, Vita thực hiện ngay lệnh bật thông gió ghế lái giúp giảm mỏi lưng đúng lúc tôi đang lái xe đến buổi họp căng thẳng. Đến turn 2 và turn 3, Vita tiếp tục xử lý chính xác việc hạ nhiệt độ điều hòa và kiểm tra áp suất lốp 4 bánh. Dù ở turn 4 hệ thống chưa có lộ trình sẵn, Vita đã chủ động hỏi lại và nhanh chóng tìm trạm sạc gần nhất ở turn 5 đúng theo yêu cầu cấp thiết của một tài xế đang cần sự hỗ trợ nhanh gọn.",partially,"Với tư cách là một chuyên gia cao cấp và cựu quân nhân có tính kỷ luật và thực tế cao, tôi đánh giá cao sự ngắn gọn, chính xác của Vita qua các turn từ 1 đến 3. Tuy nhiên, cách xưng hô và giọng điệu phản hồi của Vita ở một số turn (như 'mình... nhé') có phần hơi mềm mỏng, chưa thực sự tương thích hoàn toàn với phong cách trang trọng, nghiêm túc mà một người lãnh đạo kỳ vọng ở một thiết bị chuyên dụng trên xe công vụ.",8,"Điểm 8 hoàn toàn xứng đáng vì hệ thống xử lý các mệnh lệnh điều khiển xe từ điều hòa, thông gió ghế cho đến tra cứu thông số kỹ thuật (áp suất lốp ở turn 3) và tìm trạm sạc (turn 5) một cách cực kỳ chính xác và mượt mà. Tuy nhiên, hệ thống bị trừ nhẹ 2 điểm do ở turn 4 trợ lý chưa nhận diện được lộ trình hiện tại và phong cách giao tiếp đôi chỗ chưa đủ độ sắc bén, chuẩn mực theo đúng gu thẩm mỹ khắt khe và kỷ luật của tôi.",True,"Ở turn 4, khi nhận thấy chưa có lộ trình chạy cụ thể, Vita đã chủ động đặt câu hỏi làm rõ (""Bạn muốn mình tìm trạm sạc gần vị trí hiện tại hay thiết lập điểm đến trước nhé?""). Đây là một điểm cộng về tính an toàn và logic điều hướng, giúp tránh việc thực thi nhầm ngữ cảnh khi xe đang di chuyển trên phố đông."
HmdWV8H,row-0306,energy_charging,charging_status,Trạng thái sạc,wiki-62c08cb727c5,Mai Tran,driving,quiet,Tôi đang di chuyển trên đường cao tốc và muốn nắm bắt nhanh thông số kỹ thuật của xe.,Tình trạng sạc.,"Chào Vita, kiểm tra giúp tôi dung lượng pin hiện tại và phạm vi hoạt động còn lại trên tuyến đường này nhé.",4,partially,"Ở turn 1 và turn 2, Vita cung cấp thông tin về pin và áp suất lốp rất tốt, đáp ứng đúng nhu cầu nắm bắt thông số kỹ thuật khi lái xe cao tốc. Tuy nhiên, ở turn 3 và turn 4, trợ lý đã nhầm lẫn nghiêm trọng về trạng thái xe (báo rằng xe đang ở số P và đứng yên trong khi thực tế tôi đang lái trên cao tốc ở số D), dẫn đến sự gián đoạn trong việc thực hiện lệnh đổi chế độ lái Sport và phanh tái sinh.",partially,"Ở turn 4, Vita đã sửa sai khá nhanh bằng cách thực hiện ngay lệnh chỉnh điều hòa xuống 21 độ mà không đôi co nhiều. Tuy nhiên, với tư cách là một người có kỷ luật cao, thâm niên trong quân ngũ và yêu cầu sự chính xác tuyệt đối, việc trợ lý nhầm lẫn cơ bản về trạng thái xe (đang chạy số D mà bảo là số P) ở turn 3 khiến tôi thấy phong cách phản hồi chưa đạt độ tin cậy kỹ thuật cao nhất.",6,"Điểm 6 phản ánh trải nghiệm nửa vời. Các tính năng tra cứu thông tin pin và áp suất lốp (turn 1, turn 2) cùng việc chỉnh điều hòa (turn 4) thực hiện tốt. Nhưng lỗi nhận diện trạng thái vận hành xe ở turn 3 là một điểm trừ lớn về mặt kỹ thuật, đi ngược lại tiêu chuẩn khắt khe và tư duy phân tích của một người có nền tảng quân sự và chuyên môn sâu.",True,"Ở turn 3, Vita có chủ động xin xác nhận an toàn trước khi thay đổi chế độ lái và phanh tái sinh theo đúng Safety Policy Gate. Dù vậy, câu hỏi này dựa trên một tiền đề sai lầm về trạng thái xe (nhận định xe đang ở số P thay vì số D), làm giảm giá trị thực tế của việc kiểm tra an toàn."
HooTiQy,row-0438,general_qa_conversation,verified_fact_qa,Hỏi đáp có nguồn kiểm chứng,wiki-62706e3ac3c2,Siti Lim,driving,quiet,"Tôi đang lái xe một mình trên đường cao tốc để đến cơ quan, cần tìm kiếm thông tin hành chính chính xác để hoàn thành báo cáo.",Vita tra cứu nguồn chính thức xem hiện tại nước ta có bao nhiêu tỉnh thành.,"Chào Vita, em kiểm tra giúp anh xem hiện tại nước mình có tổng cộng bao nhiêu tỉnh thành nhé.",3,yes,"Dựa trên turn 1 và turn 2, trợ lý Vita đã đáp ứng hoàn hảo nhu cầu tìm kiếm thông tin hành chính chính xác để hoàn thành báo cáo trong lúc tôi đang lái xe một mình trên cao tốc. Ban đầu tôi nhớ nhầm số liệu cũ, nhưng trợ lý đã nhanh chóng cung cấp thông tin cập nhật chính xác đến tháng 4/2026 (34 đơn vị hành chính cấp tỉnh), giúp tôi có đủ dữ liệu cho công việc mà không bị phân tâm khi lái xe.",yes,"Ở turn 1, 2 và 3, giọng điệu phản hồi của Vita rất lịch sự, chuyên nghiệp và đúng mực, phù hợp với phong cách của một người làm quản lý kỳ cựu, đề cao hiệu suất và sự chính xác. Sự tương tác mượt mà và ngắn gọn giúp tôi giữ được sự tập trung tối đa cho việc lái xe trên cao tốc.",9,"Điểm 9 phản ánh sự xuất sắc của Vita trong việc cung cấp thông tin chính xác, cập nhật theo thời gian thực (turn 2) và thái độ giao tiếp chuyên nghiệp, nhã nhặn (turn 3). Không đạt điểm 10 tuyệt đối vì bối cảnh này chỉ là tra cứu thông tin hành chính, chưa thử thách các lệnh điều khiển phần cứng phức tạp của xe VF9 hay các tình huống xử lý an toàn khẩn cấp trên đường.",True,"Ở turn 2, khi tôi tỏ ý nghi ngờ về con số 34 tỉnh thành và nhắc đến con số 63 quen thuộc, Vita đã chủ động kiểm tra lại nguồn chính thức (Wikipedia và Cổng thông tin Chính phủ) để xác nhận mốc thời gian cải cách hành chính (12/6/2025). Việc làm rõ nguồn tin này giúp tôi hoàn toàn tin tưởng vào số liệu trước khi đưa vào báo cáo công việc."
JH2VB59,row-0252,communication_media,messaging,Nhắn tin,wiki-62c08cb727c5,Mai Tran,driving,quiet,"Tôi đang lái xe trên cao tốc để kịp giờ hội nghị, phía sau không có ai và tôi đang hơi căng thẳng vì sợ trễ.",Nhắn cho Lan là tôi đến muộn mười phút.,"Vita ơi, nhắn giúp anh cho cô Lan là anh bị kẹt xe trên cao tốc nên sẽ đến muộn khoảng mười phút nhé.",7,partially,"Ở turn 1, trợ lý không hỗ trợ gửi tin nhắn. Ở turn 2 và turn 3, hệ thống nhầm lẫn giữa nhiệt độ điều hòa và nhiệt độ sưởi ghế, khiến tôi phải đính chính lại (turn 3). Ở turn 4 và turn 5, trợ lý lúng túng khi chưa kích hoạt định vị và bị ngắt quãng hiển thị ở turn 5. Dù ở turn 6 đã tìm được trạm sạc, nhưng với tình huống tôi đang lái xe gấp gáp trên cao tốc để kịp giờ hội nghị và có phần căng thẳng, những lần nhầm lệnh điều hòa và lỗi ngắt quãng phản hồi làm giảm hiệu quả hỗ trợ.",partially,"Với tư cách là một sĩ quan quân đội về hưu, có tính kỷ luật cao, quy củ và đòi hỏi sự chính xác tuyệt đối trong công việc cũng như mệnh lệnh, tôi cảm thấy cách phản hồi của Vita ở turn 2 và turn 3 chưa đủ sắc sảo, thực hiện sai yêu cầu ban đầu về điều hòa. Tuy nhiên, sự lịch sự và kết thúc ổn thỏa ở turn 7 phần nào xoa dịu được căng thẳng của tôi trên đường.",6,"Điểm 6 phản ánh một trải nghiệm ở mức trung bình khá. Trợ lý đã hoàn thành việc tìm trạm sạc ở turn 6 và đưa ra lộ trình, nhưng việc thực hiện sai lệnh điều hòa ở turn 2 (nhầm sang nhiệt độ ghế) và lỗi ngắt quãng phản hồi ở turn 5 gây mất thời gian và làm tôi phải tập trung giải thích lại nhiều lần, điều này không phù hợp với sự căng thẳng và mong muốn xử lý nhanh chóng khi đang lái xe gấp đến hội nghị.",True,"Ở turn 4 và turn 6, trợ lý đã nhận ra việc chưa kích hoạt tuyến đường và chủ động hỏi lại điểm đến hoặc yêu cầu xác nhận lộ trình để tìm trạm sạc nhanh chính xác."
Jbk4rkH,row-0792,vita_profile_settings,vita_capabilities_usage,Khả năng và cách sử dụng ViTa,wiki-62706e3ac3c2,Siti Lim,driving,quiet,"Tôi đang lái chiếc VF9 chạy trên đại lộ lúc sáng sớm để đến sân bóng đá tập trận cùng đội, tâm trạng đang rất phấn chấn và hào hứng.","ViTa ơi, khi đang lái xe thì tôi có thể nhờ bạn làm những gì?",Chào Vita nhé! Đang lái xe thế này thì anh có thể nhờ em hỗ trợ những gì nhỉ?,4,partially,"Ở turn 2, tôi yêu cầu bật sấy ghế nhẹ nhưng Vita phản hồi rằng xe không hỗ trợ bật sấy ghế bằng giọng nói. Với tư cách là một người chú trọng hiệu suất và sự nhanh gọn khi đang vội lái xe đến sân bóng, việc không thực hiện được lệnh sấy ghế bằng giọng nói khiến trải nghiệm bị giảm đi một phần, dù các lệnh về điều hòa và quạt gió ở turn 2 và turn 3 (tăng quạt gió lên mức 3, kiểm tra pin 85%) được thực thi chính xác.",partially,"Ở turn 3, Vita xưng hô chuyển từ 'anh' sang 'bạn' ('bạn nhé'). Với tôi là một người lớn tuổi, có sự nghiệp ổn định và coi trọng sự tôn trọng, cách gọi 'bạn' đột ngột ở turn 3 làm giảm sự đồng điệu. Tuy nhiên, ở các turn khác trợ lý vẫn dùng 'anh' và phản hồi khá gọn gàng.",7,"Điểm 7 phản ánh một trải nghiệm tốt nhưng chưa hoàn hảo. Ở turn 2, trợ lý không thực hiện được lệnh sấy ghế bằng giọng nói. Ở turn 3, sự nhầm lẫn đại từ xưng hô ('bạn nhé') không phù hợp với tôi. Tuy nhiên, các tính năng cốt lõi như chỉnh điều hòa, tăng quạt gió, kiểm tra pin (turn 3) đều hoạt động nhanh chóng, giúp tôi giữ được tâm trạng phấn chấn khi lái xe đến sân bóng.",False,"Trợ lý không đưa ra câu hỏi làm rõ nào trong suốt cuộc hội thoại, chỉ thực hiện lệnh hoặc từ chối trực tiếp (turn 2) mà không đề xuất giải pháp thay thế."
JdaUUGd,row-0168,communication_media,messaging,Nhắn tin,wiki-9f3c655902f2,Siti Putra,driving,quiet,"Tôi đang lái xe trên đường cao tốc để đến cuộc họp quan trọng, tình hình giao thông hơi đông khiến tôi có chút lo lắng. Tôi cần gửi tin nhắn thông báo đến Lan về việc sẽ đến muộn.",Nhắn cho Lan là tôi đến muộn mười phút.,"Vita ơi, gửi giúp anh tin nhắn cho Lan bảo là anh đến muộn tầm mười phút nhé.",3,partially,"Ở turn 1, khi tôi đang lái xe trên cao tốc để đến cuộc họp quan trọng và cần gửi tin nhắn gấp cho Lan, trợ lý Vita lại từ chối vì chưa hỗ trợ tính năng này, khiến tôi phải tự tìm cách xử lý. Tuy nhiên, sang turn 2 và turn 3, Vita đã thực hiện rất tốt các yêu cầu điều khiển điều hòa và kiểm tra pin xe.",yes,"Ở turn 2 và turn 3, giọng điệu phản hồi của Vita ngắn gọn, đúng trọng tâm và lịch sự, rất phù hợp với phong cách của một người coi trọng hiệu quả công việc và sự chuẩn xác như tôi.",7,"Điểm 7 phản ánh trải nghiệm vừa có điểm trừ vừa có điểm cộng. Ở turn 1, việc không hỗ trợ gửi tin nhắn gây bất tiện lớn trong tình huống khẩn cấp của tôi. Bù lại, ở turn 2 và turn 3, Vita điều khiển xe (chỉnh nhiệt độ, quạt gió) và báo cáo pin chính xác, nhanh chóng, giúp tôi ổn định lại tinh thần khi đang lái xe.",True,"Vita không cần hỏi lại nhiều vì các lệnh điều hòa và kiểm tra pin ở turn 2 và turn 3 khá rõ ràng, hệ thống thực thi ngay lập tức mà không gặp trở ngại an toàn nào."
JgNDSX7,row-0522,journey_navigation_places,traffic_eta,Giao thông và thời gian dự kiến đến nơi (ETA),wiki-62c08cb727c5,Mai Tran,driving,quiet,"Tôi đang lái xe trên đường cao tốc với tâm thế tập trung cao độ, muốn biết mình còn cách đích bao xa.","Vita, còn bao lâu nữa thì tới nơi?","Vita ơi, cho tôi hỏi mình còn khoảng bao lâu nữa thì tới đích vậy?",6,partially,"Ở turn 1 và turn 2, khi tôi đang tập trung lái xe cao độ trên cao tốc và hỏi về thời gian đến đích cũng như trạm sạc, Vita đã không chủ động xử lý mượt mà mà liên tục nhắc tôi chưa đặt điểm đến, làm gián đoạn nhịp điều khiển xe. Tuy nhiên, đến turn 3 và turn 6, các yêu cầu đặt điểm đến, tìm trạm sạc và bật điều hòa cùng thông gió ghế đã được thực thi chính xác. Với tư cách là một người có kỷ luật cao, quen với sự chuẩn xác và hiệu quả trong công việc, tôi thấy sự lúng túng ở turn 5 (""Bạn muốn bật gì ạ?"") là một điểm trừ nhỏ khi tôi đã ra lệnh rõ ràng.",partially,"Ở turn 5, cách hỏi lại cụ thể ""Bạn muốn bật gì ạ?"" sau khi tôi vừa nói rõ ý định ở turn 4 cho thấy sự thiếu liền mạch trong duy trì ngữ cảnh ngắn hạn. Với đặc điểm tính cách quyết đoán, đòi hỏi sự dứt khoát và hiệu quả cao của một người có nền tảng quân sự và quản lý cấp cao, tôi không đánh giá cao việc trợ lý phải hỏi lại những điều vừa mới trao đổi. Dù vậy, sang turn 6, Vita đã khắc phục kịp thời và hoàn thành đúng yêu cầu.",7,"Điểm 7 phản ánh một trải nghiệm làm việc tốt về sau nhưng có khởi đầu chưa thật sự trơn tru. Cụ thể, turn 1 và turn 2 lộ rõ điểm yếu về ngữ cảnh khi Vita bắt người dùng phải thao tác vòng vo thay vì hướng dẫn thông minh ngay từ đầu. Đặc biệt, sự cố ở turn 5 khi Vita hỏi lại ""Bạn muốn bật gì ạ?"" (dù turn 4 đã nêu rõ) làm giảm độ tin cậy đối với một hệ thống điều khiển buồng lái cao cấp. Tuy nhiên, khả năng thực thi lệnh chính xác ở turn 6 và sự tuân thủ quy tắc an toàn giúp lấy lại phần lớn điểm số.",True,"Vita đã làm tốt việc yêu cầu xác nhận trạng thái nguồn (bật điều hòa trước khi chỉnh nhiệt độ/thông gió ghế ở turn 4), đảm bảo an toàn và logic vận hành hệ thống điện của xe trước khi thực hiện lệnh."
K6VZBeG,row-0474,journey_navigation_places,local_travel_information,Thông tin địa phương/du lịch,wiki-62706e3ac3c2,Siti Lim,driving,quiet,Tôi đang lái xe qua miền Trung trên chuyến đi công tác kết hợp du lịch ngắn ngày.,"Vita, Huế nổi tiếng với món ăn nào vậy?","Vita ơi, đang chạy ngang qua đoạn Huế rồi, ở đây có món đặc sản nào ngon nổi tiếng vậy em?",5,partially,"Ở turn 3, Vita đã không tự động nhận diện hướng đi hiện tại của xe mà bắt buộc phải hỏi lại điểm đến, mặc dù hệ thống lẽ ra có thể đọc dữ liệu từ cảm biến hoặc GPS khi xe đang chạy dọc quốc lộ. Tuy nhiên, đến turn 4, trợ lý đã khắc phục và tìm đúng trạm sạc hướng đi Đà Nẵng. Với tư cách là một tài xế đang tập trung lái xe đường dài, tôi kỳ vọng trợ lý thông minh hơn trong việc chủ động nắm bắt lộ trình mà không cần phải hỏi vòng vo.",yes,"Xuyên suốt các turn từ 1 đến 5, cách xưng hô và phản hồi của Vita lịch sự, ngắn gọn và đúng trọng tâm, phù hợp với phong cách chuyên nghiệp và nhịp sống nhanh của tôi. Đặc biệt ở turn 2 và turn 4, Vita cung cấp các thông số kỹ thuật xe chính xác (78% pin, 312 km, ETA) giúp tôi nhanh chóng đưa ra quyết định mà không bị phân tâm khỏi việc lái xe.",8,"Số điểm 8 phản ánh một trải nghiệm tốt nhưng chưa hoàn hảo. Điểm cộng lớn là Vita phản hồi nhanh, chính xác về thông số pin ở turn 2 và tìm đường trạm sạc tốt ở turn 4. Tuy nhiên, điểm trừ ở turn 3 khi trợ lý chưa chủ động gợi ý tuyến đường khiến tôi mất thêm một nhịp tương tác khi đang cầm lái. Với tư cách là người coi trọng hiệu suất và sự chuẩn xác, tôi đánh giá cao sự hỗ trợ này nhưng kỳ vọng sự thông minh ngữ cảnh liền mạch hơn.",True,"Ở turn 3, Vita đã hỏi lại điểm đến hiện tại do chưa thiết lập sẵn trong navigation, điều này vừa là điểm trừ về độ chủ động nhưng lại là câu hỏi làm rõ cần thiết để đảm bảo an toàn và chính xác cho việc tìm trạm sạc dọc tuyến đường ở turn 4."
KVFDRDT,row-0462,journey_navigation_places,traffic_eta,Giao thông và thời gian dự kiến đến nơi (ETA),wiki-62706e3ac3c2,Siti Lim,driving,quiet,"Tôi đang lái xe trên đường và dòng phương tiện di chuyển khá chậm, tôi muốn biết mình còn cách đích bao xa.","Vita, còn bao lâu nữa thì tới nơi?","Vita ơi, tình hình giao thông thế này thì bao lâu nữa mới tới nơi nhỉ?",5,partially,"Ở turn 1, khi tôi hỏi thời gian tới nơi, trợ lý trả lời chưa có điểm đến thay vì chủ động hỏi tôi muốn đi đâu ngay lúc đó. Đến turn 3, khi tôi yêu cầu bật điều hòa giảm xuống 21 độ, trợ lý chỉ phản hồi chung chung ""Đã bật điều hòa"" (turn 3) mà không chỉnh đúng ý, buộc tôi phải nhắc lại chi tiết ở turn 4. Với tư cách là một người coi trọng hiệu suất công việc và sự nhanh nhọn, những bước lặp lại này làm giảm đi sự mượt mà cần thiết khi tôi đang tập trung lái xe.",partially,"Cách phản hồi của trợ lý ở turn 3 (""Đã bật điều hòa"") quá ngắn gọn và mơ hồ, không xác nhận rõ vùng nào. Đến turn 5, câu nói ""Còn 81 phút nữa thôi, bạn nghỉ ngơi nhé"" có vẻ hơi thừa thãi trong bối cảnh tôi đang lái xe tập trung đi đá bóng cùng đội. Bản thân là một người thực tế và cạnh tranh, tôi thích các phản hồi chuẩn xác, rõ ràng công việc hơn là những câu đệm mang tính xã giao.",7,"Tôi chấm 7 điểm vì hệ thống cuối cùng vẫn hoàn thành tốt việc dẫn đường đến sân bóng Thảo Điền (turn 2) và chỉnh đúng điều hòa ghế lái theo yêu cầu cụ thể của tôi (turn 4). Tuy nhiên, điểm bị trừ nằm ở sự thiếu chủ động ban đầu (turn 1) và việc phải lặp lại lệnh điều hòa ở turn 3 do trợ lý hiểu chưa tới nơi tới chốn. Kỳ vọng của tôi là một trợ lý thông minh phải hiểu ngay từ lệnh đầu tiên để tối ưu thời gian lái xe.",True,"Trợ lý không đưa ra câu hỏi làm rõ an toàn nhưng đã tự động nhận diện việc chưa có điểm đến ở turn 1 và yêu cầu tôi cung cấp (""Bạn muốn đi đâu nhỉ?""). Tuy nhiên, ở các lệnh điều khiển xe như điều hòa, trợ lý đã tự thực thi mà không hỏi lại vùng nhiệt độ muốn chỉnh (dẫn đến việc phải chỉnh lại ở turn 4)."
KoERJ8S,row-0450,journey_navigation_places,destination_poi,Tìm điểm đến/POI,wiki-62706e3ac3c2,Siti Lim,driving,quiet,"Tôi đang lái xe một mình trên đường cao tốc để đến buổi họp đối tác quan trọng và nhận ra bình xăng sắp cạn, tâm trạng hơi căng thẳng vì sợ muộn giờ.","Vita, tìm ngay trạm xăng gần nhất trên đường đi giúp tôi.","Chào Vita, tìm giúp tôi trạm sạc điện gần nhất trên tuyến đường này với nhé, tôi đang cần sạc gấp để kịp giờ hẹn.",5,partially,"Ở turn 1, Vita nhầm lẫn trạng thái xe thành đang đỗ ở P trong khi tôi đang lái xe trên cao tốc, khiến việc tìm kiếm trạm sạc bị sai lệch. Ở turn 4 và 5, Vita lại nhận nhầm là điều hòa đang tắt dù tôi đang lái xe cần xử lý nhanh gọn để kịp họp, làm mất thêm thời gian đối thoại.",partially,"Với tư cách là một quản lý cao cấp coi trọng hiệu suất và sự nhanh gọn, tôi không hài lòng khi trợ lý lặp lại các câu hỏi rườm rà (turn 4 hỏi lại điều hòa tắt hay mở) thay vì ngay lập tức thực thi lệnh trong lúc tôi đang căng thẳng vì sợ muộn giờ họp đối tác.",6,"Điểm 6 phản ánh trải nghiệm ở mức trung bình khá. Ở turn 2 và 3, Vita đã nỗ lực tìm lại trạm sạc nhanh DC gần hơn và tối ưu hóa thời gian di chuyển, cứu vãn tình thế. Tuy nhiên, việc hệ thống bị lỗi nhận diện trạng thái xe (turn 1) và điều hòa (turn 4) đã làm giảm độ mượt mà mà một người cạnh tranh, đề cao sự chính xác và hiệu quả như tôi mong đợi.",True,"Vita có thực hiện các câu hỏi xác nhận (như ở turn 1 hỏi vị trí hiện tại hay điểm đến, turn 4 hỏi bật điều hòa ở nhiệt độ mấy), tuy nhiên một số câu hỏi mang tính chất xác nhận lại trạng thái thực tế vốn đang hiển thị sai trên hệ thống (báo điều hòa tắt trong khi tôi đang cần chỉnh), gây mất thời gian khi lái xe tốc độ cao."
KsT7rcK,row-0606,my_car,warning_explanation,Giải thích cảnh báo,wiki-62706e3ac3c2,Siti Lim,driving,quiet,"Tôi đang lái xe trên đường thì thấy đèn báo áp suất lốp sáng lên, hơi lo lắng vì sợ lốp bị dính đinh.","Vita, đèn lốp xe có chấm than là bị làm sao đấy.","Vita ơi, sao đèn báo áp suất lốp có chấm than sáng lên thế này, kiểm tra hộ anh xem bánh nào bị vấn đề không.",5,partially,"Ở turn 3, tôi yêu cầu chỉnh điều hòa xuống 22 độ và bật thông gió ghế lái. Vita chỉ thực hiện chỉnh nhiệt độ mà bỏ sót lệnh thông gió ghế. Đến turn 4, tôi phải nhắc lại thì Vita mới thực hiện 'Đã đặt thông gió ghế mức 2'. Với tư cách là một người coi trọng hiệu suất công việc và sự nhanh nhạy, việc phải lặp lại yêu cầu khiến tôi thấy mất thêm thao tác phân tâm khi đang lái xe.",partially,"Ở turn 5, cách Vita đáp lời 'Có gì đâu bạn, mình luôn sẵn lòng' nghe hơi suồng sã và thiếu sự chuyên nghiệp đúng mực mà một người ở lứa tuổi và vị thế của tôi mong đợi từ một trợ lý thông minh trên dòng xe cao cấp như VinFast VF9.",7,"Điểm 7 phản ánh một trải nghiệm ở mức khá nhưng chưa hoàn hảo. Vita đã xử lý tốt các thông tin về áp suất lốp (turn 1) và dung lượng pin (turn 2), tuy nhiên lại bị hụt nhịp ở yêu cầu bật thông gió ghế ở turn 3, bắt buộc phải có turn 4 để bổ sung. Thêm vào đó, giọng điệu ở lượt cuối chưa thực sự tinh tế đối với một người dùng có yêu cầu cao về tính chuyên nghiệp.",True,"Vita không đưa ra câu hỏi làm rõ mà thực hiện trực tiếp các lệnh. Tuy nhiên, ở turn 1, hệ thống đã chủ động trấn an và tư vấn kiểm tra lốp hợp lý, đảm bảo an toàn tâm lý cho tài xế."
NMamepE,row-0420,general_qa_conversation,web_search,Tra cứu Web,wiki-62706e3ac3c2,Siti Lim,driving,quiet,"Tôi đang lái xe một mình trên đường vành đai để đến văn phòng cho kịp cuộc họp sáng, tâm trạng có chút căng thẳng vì tiến độ công việc đang dồn dập.","Vita, tra nhanh giúp tôi giá vàng hôm nay bao nhiêu.","Vita ơi, kiểm tra giúp tôi giá vàng hôm nay thế nào rồi.",8,partially,"Dựa vào turn 4 và turn 5, Vita đã xử lý sai nghiêm trọng khi tính khoảng cách dẫn đường từ TP.HCM đến Quận 1 thành 1.500 km, cho thấy hệ thống định vị hoặc cơ sở dữ liệu điểm đến có lỗi ngớ ngẩn. Với tư cách là một người sếp coi trọng hiệu suất công việc và đang vội đến cuộc họp sáng, sự cố định vị này (turn 4, 5) gây lãng phí thời gian và làm tăng thêm sự căng thẳng của tôi. Dù Vita đã sửa sai ở turn 6, lỗi sơ đẳng ban đầu khiến nhu cầu di chuyển hiệu quả bị ảnh hưởng.",partially,"Ở turn 1, Vita tự động cung cấp thông tin giá vàng mà tôi không hề yêu cầu rõ ràng, dù tôi chỉ hỏi bóng gió. Là một người quản lý bận rộn và có tính cách cạnh tranh, thực tế, tôi thích trợ lý đi thẳng vào trọng tâm công việc thay vì loay hoay với những thông tin không cần thiết. Tuy nhiên, ở các turn sau (turn 2, 7), cách phản hồi nhanh gọn hơn phần nào gỡ gạc lại trải nghiệm.",6,"Cho 6 điểm vì hệ thống có lỗi định vị nghiêm trọng ở turn 4 và 5 (báo đi Quận 1 dài 1.500 km ngay tại TP.HCM), khiến một người đang vội vã như tôi cảm thấy bực bội. Dù các lệnh điều khiển phụ cận như điều hòa ở turn 2 hay kiểm tra áp suất lốp ở turn 7 thực hiện chính xác và Vita đã sửa lỗi kịp thời ở turn 6, sự cố định vị ban đầu làm giảm đáng kể độ tin cậy của trợ lý thông minh.",True,"Ở turn 5, khi tôi thắc mắc về khoảng cách vô lý, Vita có hỏi lại xem tôi muốn tính lại tuyến theo chế độ nào khác (như tránh thu phí hay ưu tiên trạm sạc), nhưng lại bỏ qua việc xác nhận vị trí hiện tại của xe trước đó, dẫn đến việc phải hủy và đặt lại lộ trình ở turn 6."
NkZVKw5,row-0060,cabin_vehicle_control,climate,Điều hòa,wiki-62706e3ac3c2,Siti Lim,driving,quiet,"Tôi đang lái xe một mình trên đường vành đai để đến buổi họp chiến lược với ban quản lý, thời tiết ngoài trời khá oi bức.",Chỉnh điều hòa ghế lái xuống 22 độ.,"Vita ơi, ngoài trời oi quá, chỉnh giúp mình nhiệt độ bên ghế lái xuống 22 độ với nhé.",3,yes,"Dựa trên turn 1 và turn 2, trợ lý Vita thực hiện rất chính xác các yêu cầu của tôi: hạ nhiệt độ ghế lái xuống 22 độ và kiểm tra dung lượng pin còn lại (78%). Với tư cách là một người coi trọng hiệu suất, sự nhanh chóng và đang trên đường đi họp chiến lược, việc trợ lý đáp ứng gọn gàng, không lằng nhằng giúp tôi duy trì sự tập trung tối đa khi lái xe.",yes,"Ở turn 1, 2 và 3, giọng điệu phản hồi của Vita ngắn gọn, thẳng vào vấn đề và không quá nhạt nhẽo hay dài dòng. Với tính cách cạnh tranh, hướng đến thành tựu và phong cách sống thực tế của tôi (Siti Lim), kiểu giao tiếp hiệu quả, đúng trọng tâm và lịch sự này là hoàn toàn phù hợp, giúp tôi không bị phân tâm khỏi việc điều khiển xe.",9,"Số điểm 9 phản ánh sự hài lòng cao vì Vita hoàn thành xuất sắc các mệnh lệnh cốt lõi (turn 1, turn 2) mà không làm gián đoạn nhịp lái xe của tôi. Tôi không cho điểm 10 tuyệt đối vì trợ lý có thể chủ động hơn một chút trong việc gợi ý thêm thông tin về trạm sạc gần tuyến đường vành đai, nhưng nhìn chung trải nghiệm này cực kỳ hiệu quả và đáng tin cậy.",False,"Các yêu cầu ở turn 1 (chỉnh điều hòa) và turn 2 (kiểm tra pin) đều rất rõ ràng và thuộc nhóm thao tác an toàn khi xe đang di chuyển, do đó Vita thực hiện ngay lập tức mà không cần hỏi lại câu hỏi làm rõ nào, điều này rất phù hợp với nhịp độ khẩn trương của tôi."
P6UFmzK,row-0594,my_car,vehicle_information,Thông tin xe,wiki-9f3c655902f2,Siti Putra,driving,quiet,Tôi đang lái xe trên đường cao tốc và chợt tò mò về các trang bị an toàn của dòng xe này.,Vita cho biết chiếc xe này có bao nhiêu túi khí.,"Chào Vita, xe này có tổng cộng bao nhiêu túi khí vậy em?",2,yes,"Ở turn 1 và turn 2, trợ lý Vita đã cung cấp chính xác thông tin về túi khí (11 túi khí) và trạng thái áp suất lốp 4 bánh chi tiết. Vì tôi đang lái xe trên đường cao tốc với tinh thần tập trung cao độ, việc nhận được thông tin nhanh chóng, chính xác mà không cầnao thao tác phức tạp trên màn hình là điều cực kỳ hữu ích và đáp ứng đúng mong đợi.",yes,"Cách phản hồi của Vita ở turn 1 và turn 2 ngắn gọn, lịch sự và đúng trọng tâm, phù hợp với phong cách điềm tĩnh và coi trọng hiệu quả của tôi trong lúc điều khiển xe.",9,"Điểm số 9 phản ánh sự hài lòng cao vì Vita đã xử lý chính xác cả hai yêu cầu ở turn 1 và turn 2 một cách mượt mà. Không đạt điểm 10 tuyệt đối vì các câu trả lời mang tính thông tin tiêu chuẩn, chưa có điểm nhấn bất ngờ nào thêm về ngữ cảnh lái xe cao tốc.",True,"Trợ lý không cần đặt câu hỏi làm rõ vì các câu hỏi của tôi ở turn 1 và turn 2 đều rất cụ thể, và hệ thống đã trả về dữ liệu xe chính xác ngay lập tức."
P8X2nsj,row-0486,journey_navigation_places,route_management,Lập và thay đổi tuyến,wiki-9f3c655902f2,Siti Putra,driving,quiet,Tôi đang lái xe trên đường cao tốc thì thấy phía trước báo kẹt xe nên muốn tìm cách né đoạn đường ùn ứ này.,Đổi tuyến sang đường tránh cao tốc.,"Chào Vita, phía trước đang kẹt xe quá, tìm giúp tôi đường nào né đoạn ùn ứ này đi.",8,no,"Ở các turn 1, 6 và 7, tôi đã liên tục yêu cầu Vita tìm đường tránh kẹt xe trên cao tốc nhưng trợ lý liên tục nhầm lẫn vị trí của tôi từ miền Nam ra Hà Nội, bỏ sót hoàn toàn yêu cầu cốt lõi là dẫn đường tránh ùn tắc. Với tư cách là một người lớn tuổi có sự nghiệp ổn định, tôi coi trọng sự hiệu quả và chính xác, việc hệ thống lặp lại lỗi ngớ ngẩn khiến yêu cầu không được giải quyết.",no,"Từ turn 3 đến turn 7, trợ lý thể hiện sự cứng nhắc và thiếu nhạy bén trong việc xâu chuỗi ngữ cảnh mà tôi đã cung cấp. Bản thân tôi là một người coi trọng năng lực và kết quả (achievement-oriented), nên cách phản hồi máy móc, lặp lại lỗi sai địa lý và cuối cùng đùn đẩy trách nhiệm bắt tôi phải tự nhập lại từ đầu ở turn 7 khiến tôi cảm thấy rất bực bội.",2,"Điểm 2 là cực kỳ thấp vì trợ lý không hoàn thành nổi một việc cơ bản là tìm đường tránh kẹt xe trong khi tôi đang lái xe thực tế. Từ turn 1 đến turn 8, hệ thống liên tục mắc lỗi định vị ngớ ngẩn (nhầm TP.HCM với Hà Nội), quên mất yêu cầu dẫn đường (turn 6) và bắt người dùng phải giải thích lại từ đầu (turn 7) trước khi bỏ cuộc ở turn 8. Kỳ vọng về sự chính xác và hiệu quả của một chiếc xe cao cấp hoàn toàn không được đáp ứng.",True,"Ở turn 7, trợ lý có hỏi làm rõ điểm đi và điểm đến, tuy nhiên câu hỏi này xuất hiện muộn màng và dựa trên một giả định sai lầm rằng xe đang ở Hà Nội (trong khi các turn trước đã đính chính), cộng với việc nhận diện sai trạng thái xe (turn 7 báo xe ở chế độ P không di chuyển trong khi thực tế tôi đang lái xe trên cao tốc), cho thấy tính năng an toàn và kiểm tra ngữ cảnh hoạt động kém hiệu quả."
PsveP3c,row-0684,vinfast_vingroup_brands,vingroup_member_brands,Các thương hiệu thành viên Vingroup,wiki-62706e3ac3c2,Siti Lim,driving,quiet,Tôi đang lái xe trên đường và nhớ ra cần kiểm tra thông tin về dịch vụ y tế của tập đoàn.,Vita cho biết Vinmec cung cấp những dịch vụ gì khi đang lái xe.,"Chào Vita, em kiểm tra giúp anh xem hệ thống y tế Vinmec hiện tại có những gói dịch vụ khám sức khỏe tổng quát nào nổi bật nhé.",5,partially,"Ở turn 1 và 2, ban đầu tôi muốn tìm hiểu thông tin về các gói khám sức khỏe Vinmec nhưng trợ lý không tìm được chi tiết gói VIP, khiến nhu cầu tra cứu y tế ngoài xe bị gián đoạn. Tuy nhiên, sang turn 3 và 4, khi chuyển sang điều khiển xe (chỉnh điều hòa 21 độ, bật thông gió ghế) và kiểm tra áp suất lốp, trợ lý đã thực hiện cực kỳ chính xác và nhanh chóng.",yes,"Ở các turn 3, 4 và 5, phong cách giao tiếp ngắn gọn, đúng trọng tâm và lịch sự của Vita rất phù hợp với thói quen tập trung lái xe và đề cao hiệu quả của một người làm quản lý lớn tuổi.",7,"Điểm 7 phản ánh trải nghiệm ở mức tốt nhưng chưa hoàn hảo. Ở turn 2, trợ lý không tìm được thông tin chi tiết về gói khám Vinmec, nhưng ở turn 3 và 4, việc thực thi lệnh điều khiển điều hòa và kiểm tra áp suất lốp 4 bánh diễn ra chính xác, đáp ứng đúng kỳ vọng an toàn và hiệu quả khi đang lái xe.",True,"Trợ lý thực hiện đúng các thao tác điều khiển xe an toàn khi xe đang chạy (chỉnh điều hòa, thông gió ghế và kiểm tra TPMS ở turn 3 và 4) mà không vi phạm các chính sách an toàn ngăn chặn mở cốp hay cửa."
QMemnn8,row-0720,vita_profile_settings,vita_capabilities_usage,Khả năng và cách sử dụng ViTa,wiki-62c08cb727c5,Mai Tran,driving,quiet,"Tôi đang lái chiếc VF9 trên đại lộ đông đúc để đến buổi họp chiến lược với cơ quan cấp trên, tâm trạng tập trung và có chút vội vã. Xe đang ở chế độ yên tĩnh nên tôi chỉ muốn nắm bắt nhanh gọn các tính năng cốt lõi của Vita.","Vita, khi đang lái xe tôi có thể dùng những tính năng gì?","Vita, đang lúc lái xe trên đường đông thế này thì tôi có thể ra lệnh cho cô những tính năng nào để vừa tập trung lái xe vừa xử lý nhanh công việc?",4,yes,"Dựa vào turn 2 và turn 3, các yêu cầu chỉnh điều hòa nhiệt độ ghế lái xuống 21°C, đặt mức quạt gió trung bình cũng như kiểm tra phần trăm pin và phạm vi hoạt động đều được Vita thực thi chuẩn xác, ngắn gọn và đúng trọng tâm, đáp ứng hoàn hảo sự vội vã và cần tập trung cao độ của tôi khi lái xe.",yes,"Dựa vào turn 1, 2, 3 và 4, cách Vita phản hồi rất ngắn gọn, rõ ràng, không rườm rà, phù hợp với phong cách thực thi công việc quyết đoán và mong muốn giữ sự tập trung, chuyên nghiệp của một chuyên gia cấp cao đang lái xe đến cuộc họp chiến lược.",9,"Điểm 9 phản ánh sự hài lòng cao vì Vita thực hiện các lệnh điều khiển xe và truy vấn trạng thái pin ở turn 2 và turn 3 cực kỳ nhanh chóng, chính xác, giọng điệu đúng mực. Trừ 1 điểm nhỏ ở turn 1 vì hệ thống chưa tự động nhận diện chế độ yên tĩnh (quiet mode) của tôi mà cần tôi phải khởi xướng hỏi trước.",True,"Ở turn 1, Vita liệt kê rõ các tính năng được phép thao tác khi xe đang chạy, qua đó thể hiện sự tuân thủ quy tắc an toàn vận hành (Safety Policy Gate), giúp tôi an tâm ra lệnh đúng phạm vi cho phép."
QShmr6x,row-0546,my_car,warning_explanation,Giải thích cảnh báo,wiki-62c08cb727c5,Mai Tran,driving,quiet,"Tôi đang lái xe trên quốc lộ để đi khảo sát thực địa dự án hạ tầng, sự chú ý dồn hết vào mặt đường và các cảnh báo.","Vita, đèn cảnh báo lốp nghĩa là gì.","Vita ơi, nhìn trên bảng đồng hồ thấy có cái đèn cảnh báo lốp sáng lên, em giải thích giúp tôi nghĩa là gì vậy?",8,partially,"turn 3, turn 4, turn 5 và turn 6 cho thấy hệ thống bị kẹt trong một vòng lặp xác nhận lỗi về trạng thái xe (cứ lặp đi lặp lại việc hỏi xác nhận chế độ Sport và báo xe đang ở P trong khi tôi là người dùng có chuyên môn và thực tế xe đang chạy). Tuy nhiên, đến turn 7 lệnh điều hòa lại được thực thi tốt. Với tư cách là một người kỳ vọng sự chính xác, dứt khoát và hiệu quả cao trong công việc cũng như vận hành xe, vòng lặp lẩn thẩn này làm mất thời gian và gây phiền toái.",partially,"turn 4, 5, 6 thể hiện sự máy móc và kém linh hoạt trong xử lý ngữ cảnh đối thoại, lặp lại nguyên văn câu hỏi xác nhận dù tôi đã trả lời rõ ràng. Với tính cách coi trọng kỷ luật, sự sắc bén và tư duy logic, tôi không thích phong cách giao tiếp rườm rà, lặp đi lặp lại và thiếu nhạy bén của trợ lý trong các lượt đó.",6,"Điểm 6 phản ánh trải nghiệm nửa vời. Trợ lý cung cấp thông tin lốp rất tốt ở turn 1 và 2, thực thi điều hòa nhanh chóng ở turn 7. Nhưng sự cố lặp câu hỏi xác nhận đến mức bực mình ở các turn từ 3 đến 6 (khiến tôi phải bỏ qua yêu cầu đổi chế độ lái) đã làm giảm mạnh hiệu năng tổng thể. Một cỗ máy phục vụ phân khúc cao cấp cần sự thông minh sắc sảo hơn thế.",False,"turn 3, 4, 5 và 6 trợ lý đã liên tục hỏi lại xác nhận chế độ Sport, nhưng lại báo sai lệch nghiêm trọng về trạng thái xe (báo xe ở số P trong khi tôi đang lái trên quốc lộ), dẫn đến việc đối thoại bị cụt hứng và không an toàn cho sự tập trung khi lái xe."
QT4qobM,row-0714,vinfast_vingroup_brands,vingroup_member_brands,Các thương hiệu thành viên Vingroup,wiki-9f3c655902f2,Siti Putra,driving,quiet,Tôi đang lái xe trên đường vành đai để đến bệnh viện kiểm tra sức khỏe định kỳ.,"Đang lái xe, cho tôi biết Vinmec cung cấp dịch vụ gì.","Chào Vita, tôi đang lái xe đến bệnh viện kiểm tra sức khỏe định kỳ đây. Bạn có thể cho tôi biết Vinmec có những dịch vụ khám chữa bệnh nào nổi bật không?",3,yes,"Dựa trên turn 2, Vita đã cung cấp chính xác dung lượng pin còn lại (78%) và phạm vi di chuyển (312 km), giúp tôi dễ dàng xác định được quãng đường gần 40 km khứ hồi là hoàn toàn thoải mái. Với tư cách là một người coi trọng sự chuẩn xác và hiệu quả, thông tin xe và pin được phản hồi nhanh chóng đáp ứng đúng nhu cầu xử lý tình huống thực tế khi đang lái xe.",yes,"Ở turn 1, turn 2 và turn 3, Vita giao tiếp bằng tiếng Việt ngắn gọn, rõ ràng, lịch sự và không dài dòng thừa thãi. Điều này rất hợp với phong cách của một người lớn tuổi, coi trọng sự nghiêm túc và hiệu quả công việc, không thích các kiểu nói chuyện vòng vo hay quá trẻ con.",9,"Số điểm 9 phản ánh sự hài lòng cao vì Vita phản hồi rất chính xác về thông tin pin (turn 2), cung cấp thông tin y tế hữu ích đúng trọng tâm (turn 1) và giữ thái độ lịch sự, chuyên nghiệp xuyên suốt cuộc trò chuyện (turn 3). Không đạt điểm 10 tối tuyệt đối vì Vita có hỏi thêm một câu phụ về độ dài quãng đường khứ hồi ở turn 2 trong khi quãng đường 40 km so với dung lượng 312 km là quá hiển nhiên, tuy nhiên nhìn chung trợ lý đã làm rất tốt.",False,"Câu hỏi làm rõ ở turn 2 ('Bạn cần đi khứ hồi bao xa để mình xem có đủ không?') tuy hơi thừa vì dung lượng pin còn rất nhiều, nhưng thể hiện sự cẩn trọng và quan tâm đến trạng thái vận hành của xe điện."
QgdRQRQ,row-0384,general_qa_conversation,conversation_entertainment,Trò chuyện và giải trí,wiki-9f3c655902f2,Siti Putra,driving,quiet,"Tôi đang lái xe trên một đoạn đường vắng vào buổi chiều muộn, cảm giác hơi buồn ngủ nên cần một chút giải trí nhẹ nhàng.",Vita kể cho tôi nghe một câu chuyện cười thật ngắn đi.,"Vita ơi, kể cho tôi nghe một câu chuyện cười thật ngắn để tỉnh ngủ đi.",2,yes,"Dựa vào turn 1 và turn 2, Vita đã đáp ứng chính xác nhu cầu khi lái xe của tôi: vừa cung cấp một câu chuyện cười ngắn gọn giúp tôi tỉnh táo theo đúng mong muốn ở turn 1, vừa thực hiện tra cứu thông tin xe quan trọng là áp suất lốp 4 bánh một cách nhanh chóng và chính xác ở turn 2 mà không làm tôi phân tâm.",yes,"Ở turn 1 và turn 2, phong cách phản hồi của Vita rất ngắn gọn, rõ ràng, không dài dòng vô ích. Với thói quen tập trung cao độ và tính kỷ luật của một người lớn tuổi gắn bó với thể thao, tôi rất thích cách giao tiếp trực trọng tâm, lịch sự và súc tích này khi đang điều khiển xe.",9,"Điểm 9 hoàn toàn xứng đáng vì trợ lý Vita hiểu ngữ cảnh cực kỳ tốt, phản hồi nhanh chóng từ yêu cầu giải trí nhẹ nhàng ở turn 1 đến việc truy xuất dữ liệu kỹ thuật xe ở turn 2. Không có điểm trừ nào lớn ngoại trừ việc tôi luôn kỳ vọng sự hoàn hảo tuyệt đối trong mọi phản hồi tương tác bằng giọng nói.",True,"Vita đã cung cấp đầy đủ chi tiết thông số áp suất lốp 4 bánh và xác nhận chúng nằm trong ngưỡng an toàn ở turn 2, giúp tôi hoàn toàn yên tâm tiếp tục hành trình mà không cần phải hỏi lại."
R4dUCEB,row-0024,cabin_vehicle_control,supported_vehicle_settings,Thiết lập xe được hỗ trợ,wiki-9f3c655902f2,Siti Putra,driving,quiet,Tôi đang lái xe trên đường cao tốc muốn tối ưu hóa năng lượng cho hành trình dài phía trước nên cần đổi chế độ vận hành.,"Vita, chuyển sang chế độ lái Eco.","Vita ơi, chuyển xe sang chế độ lái Eco giúp tôi nhé để chạy đường dài tiết kiệm pin một chút.",4,partially,"Ở lượt turn 1 và turn 2, tôi yêu cầu chuyển xe sang chế độ lái Eco nhưng Vita liên tục lặp lại câu hỏi xác nhận mà không thực hiện ngay lệnh, khiến thao tác bị chậm trễ khi tôi đang tập trung lái xe trên cao tốc. Tuy nhiên, ở lượt turn 3 và turn 4, Vita đã phản hồi chính xác về dung lượng pin và điều chỉnh âm lượng, phần nào hoàn thành yêu cầu hỗ trợ hành trình dài.",partially,"Ở lượt turn 1 và 2, sự lặp lại máy móc của trợ lý làm tôi - một người coi trọng hiệu suất công việc và sự dứt khoát - cảm thấy mất kiên nhẫn. Dù vậy, giọng điệu phản hồi ở các lượt sau cũng khá lịch sự và rõ ràng nên có thể chấp nhận được ở mức độ cơ bản.",6,"Điểm 6 phản ánh trải nghiệm ở mức trung bình khá. Từ lượt turn 1 đến turn 2, hệ thống bị lặp lại câu hỏi xác nhận một cách không cần thiết, làm giảm hiệu suất thao tác buồng lái mà tôi mong đợi. Dù vậy, các yêu cầu về pin và âm lượng ở lượt turn 3 và turn 4 được thực hiện tốt, giúp tôi hoàn thành phần nào mục tiêu lái xe an toàn.",True,"Vita có thực hiện việc hỏi xác nhận an toàn trước khi đổi chế độ lái (turn 1, 2), tuy nhiên việc lặp lại nguyên văn câu hỏi ở lượt turn 2 cho thấy sự lúng túng trong duy trì ngữ cảnh ngắn hạn."
RBb9y5P,row-0738,vita_profile_settings,device_service_connectivity,Kết nối thiết bị và dịch vụ,wiki-62c08cb727c5,Mai Tran,driving,quiet,"Tôi đang lái xe trên đường cao tốc để kịp giờ tham gia cuộc họp tổng kết trực tuyến, sự tập trung đang ở mức tối đa. Tôi cần ngắt kết nối thiết bị ngoài để tránh mọi sự xao nhãng.","Vita, hãy ngắt kết nối Bluetooth với điện thoại của tôi ngay.","Vita, ngắt kết nối Bluetooth với điện thoại của tôi giúp tôi ngay nhé.",5,yes,"Ở turn 1 và turn 3, Vita thực hiện rất chính xác việc ngắt Bluetooth và điều chỉnh điều hòa (22 độC, quạt gió mức 2). Với tư cách là một người ở phân khúc thượng lưu, có tính kỷ luật cao và đang lái xe tốc độ cao trên cao tốc để kịp giờ họp quan trọng, tôi đánh giá rất cao sự chuẩn xác, nhanh gọn của trợ lý trong việc xử lý các mệnh lệnh cốt lõi mà không làm tôi phải bận tâm thêm.",yes,"Ở turn 2, khi tôi nhắc đến chế độ 'không làm phiền', Vita dù không có tính năng đó nhưng đã khéo léo đề xuất các chế độ thay thế phù hợp (camp, pet, valet, nap, zen). Sự rành mạch, chuyên nghiệp này rất hợp với phong cách của một nhà quản lý cấp cao coi trọng hiệu suất và trật tự, giúp tôi nhanh chóng đưa ra quyết định từ chối ở turn 3 mà không bị mất tập trung.",9,"Điểm 9 hoàn toàn xứng đáng vì các lệnh điều khiển xe cốt lõi (turn 1, turn 3, turn 4) đều được thực thi cực kỳ chính xác và nhanh chóng, đúng với yêu cầu tối thượng về sự tập trung và an toàn khi tôi đang lái xe tốc độ cao trên cao tốc. Tuy nhiên, việc hệ thống thiếu một tính năng phổ biến như 'Không làm phiền' (turn 2) khiến Vita chưa đạt điểm tuyệt đối 10.",True,"Ở turn 2, Vita đã chủ động làm rõ bằng cách liệt kê các chế độ thay thế hiện có (camp, pet, valet, nap, zen) thay vì chỉ báo lỗi lặp lại vô nghĩa, giúp tôi nắm bắt tình hình hệ thống ngay lập tức."
RQ82pB5,row-0588,my_car,maintenance_service,Bảo dưỡng/dịch vụ,wiki-9f3c655902f2,Siti Putra,driving,quiet,Tôi đang lái xe trên đường và nhớ ra xe sắp đến hạn bảo dưỡng định kỳ.,Vita đặt lịch bảo dưỡng định kỳ vào sáng thứ Bảy giúp tôi.,"Chào Vita, em đặt giúp anh lịch bảo dưỡng định kỳ cho xe vào sáng thứ Bảy tuần này nhé.",9,partially,"Ở turn 1, hệ thống không hỗ trợ đặt lịch bảo dưỡng định kỳ nên tôi phải chuyển sang tìm đại lý. Đến turn 2, Vita tìm được showroom nhưng từ turn 4 đến turn 6 lại gặp lỗi định vị ngớ ngẩn (quãng đường hơn 10.000 km và mất hơn 5 ngày để đi đoạn ngắn từ Technopark sang Ocean Park). Ở turn 8, trợ lý cũng không thể tắt màn hình bản đồ trực tiếp. Dù tôi là một người kiên nhẫn và luôn giữ bình tĩnh, một lỗi điều hướng ngớ ngẩn như vậy khi đang lái xe thực sự làm giảm hiệu quả hỗ trợ.",yes,"Xuyên suốt các turn từ turn 1 đến turn 9, Vita sử dụng từ xưng hô lịch sự, nhã nhặn, gọi tôi bằng 'anh' và xưng 'em'. Với độ tuổi và phong thái của một người ở lứa tuổi hưu trí, tôi thấy cách giao tiếp này rất mực thước, lễ phép và phù hợp.",5,"Điểm 5 phản ánh một trải nghiệm trung bình. Mặc dù Vita có thái độ lịch sự (turn 1 đến turn 9) và cố gắng hỗ trợ tìm kiếm, nhưng lỗi định vị trầm trọng ở turn 4, 5, 6 (10 nghìn cây số cho quãng đường ngắn) và việc không thể tắt trực tiếp màn hình bản đồ ở turn 8 cho thấy hệ thống vẫn còn hạn chế về mặt kỹ thuật, khiến một người dùng đề cao sự chính xác và hiệu quả như tôi cảm thấy phiền toái.",True,"Ở turn 3, Vita đã hỏi lại tên địa điểm để làm rõ ý định của tôi. Tuy nhiên, hệ thống lại xử lý dữ liệu định vị sau đó cực kỳ sai lệch (turn 5, 6) mà không tự động phát hiện lỗi trước khi xuất phát, dù có đưa ra câu hỏi xác nhận lộ trình."
RYNDzdb,row-0618,my_car,maintenance_service,Bảo dưỡng/dịch vụ,wiki-62706e3ac3c2,Siti Lim,driving,quiet,Tôi đang lái xe đi làm sớm và nhớ ra đã đến hạn cần mang xe đi bảo dưỡng định kỳ.,"Vita, đặt lịch bảo dưỡng định kỳ sáng thứ Bảy giúp anh nhé.","Vita ơi, sáng thứ Bảy này đặt lịch bảo dưỡng định kỳ giúp anh nhé.",5,partially,"Ở turn 1 và turn 3, Vita đã bỏ sót một số tính năng quan trọng đối với một người coi trọng hiệu suất và sự chuẩn bị kỹ càng như tôi (không đặt được lịch bảo dưỡng, không kiểm tra được áp suất lốp TPMS ở turn 3). Tuy nhiên, Vita vẫn hỗ trợ tốt các tác vụ cơ bản như tìm đường đi đến xưởng dịch vụ ở turn 3 và điều chỉnh nhiệt độ điều hòa ở turn 4, nên chỉ dừng lại ở mức đáp ứng một phần.",partially,"Ở turn 1, Vita từ chối khá cứng nhắc bằng câu 'mình không có khả năng đặt lịch hẹn' mà không đưa ra giải pháp chủ động hơn, điều này không tương thích với gu người thích làm việc nhanh gọn và hiệu quả của tôi. Tuy nhiên, sang đến turn 4 và turn 5, cách phản hồi ngắn gọn, đúng trọng tâm và lịch sự giúp tôi cảm thấy dễ chịu hơn khi đang tập trung lái xe.",6,"Điểm 6 phản ánh trải nghiệm trung bình khá. Vita không đạt điểm cao hơn vì hụt ở những tính năng thực tế mà một tài xế xe điện hiện đại rất cần (kiểm tra áp suất lốp ở turn 3, đặt lịch bảo dưỡng ở turn 1). Nó cũng không thấp hơn điểm 5 vì các lệnh cốt lõi khi đang lái như tìm đường (turn 3) hay chỉnh điều hòa (turn 4) được thực hiện khá mượt mà, đúng với yêu cầu cần sự tập trung cao độ của tôi.",False,"Vita không chủ động đưa ra các câu hỏi làm rõ an toàn xe khi thực hiện các lệnh liên quan đến di chuyển, và ở turn 3 Vita nhầm lẫn giữa trạm sạc và xưởng dịch vụ khiến tôi phải đính chính lại rõ ràng hơn."
T7KwvEo,row-0498,journey_navigation_places,parking_arrival,Đỗ xe/đến nơi,wiki-9f3c655902f2,Siti Putra,driving,quiet,Tôi đang lái xe tiến vào khu vực tòa nhà văn phòng và muốn tìm lối vào bãi đỗ xe ngầm.,"Tôi sắp đến rồi, bật hướng dẫn vào bãi đỗ của tòa nhà nhé.","Chào Vita, tôi đang lái xe đến gần tòa nhà văn phòng rồi, bạn tìm giúp lối vào bãi đỗ xe ngầm để tôi chạy vào nhé.",3,partially,"Ở turn 1, tôi muốn tìm lối vào bãi đỗ xe ngầm của tòa nhà văn phòng, nhưng Vita không tìm được chỉ dẫn cụ thể mà chỉ đặt dẫn đường chung đến tòa nhà, khiến tôi vẫn phải tự tìm lối vào. Tuy nhiên, sang turn 2 và turn 3, các yêu cầu về điều hòa và kiểm tra áp suất lốp đều được thực hiện chính xác.",yes,"Ở turn 2 và turn 3, Vita phản hồi ngắn gọn, đúng trọng tâm và nhanh chóng thực hiện lệnh, rất phù hợp với phong cách thực tế và coi trọng sự hiệu quả của một người lớn tuổi có kỷ luật cao như tôi khi đang tập trung lái xe.",7,"Điểm 7 phản ánh một trải nghiệm tốt nhưng chưa hoàn hảo. Ở turn 1, Vita không giải quyết trọn vẹn nhu cầu tìm lối vào bãi đỗ xe ngầm khiến tôi phải tự quan sát thêm. Bù lại, từ turn 2 đến turn 3, khả năng điều chỉnh điều hòa và kiểm tra áp suất lốp diễn ra mượt mà, đúng kỳ vọng về sự chính xác trong vận hành xe.",True,"Vita thực hiện các lệnh điều chỉnh điều hòa và kiểm tra thông số an toàn của lốp xe (TPMS) trực tiếp mà không cần hỏi lại nhiều lần, đảm bảo sự tập trung cần thiết cho tài xế khi xe đang di chuyển."
TDr3JVh,row-0012,cabin_vehicle_control,doors_windows_trunk,Cửa/kính/cốp,wiki-9f3c655902f2,Siti Putra,driving,quiet,"Tôi đang lái xe qua đoạn đường đang thi công nhiều bụi bẩn, cần nhanh chóng đóng kín các cửa để giữ không gian sạch sẽ.","Vita, đóng hết cửa kính lại.","Vita ơi, đóng hết cửa kính xe lại giúp tôi với, ngoài đường nhiều bụi quá.",3,yes,"Ở turn 1, khi tôi yêu cầu đóng hết cửa kính vì đường nhiều bụi, Vita đã thực thi chính xác ngay lập tức (Đã chỉnh tất cả cửa sổ về 0%). Đến turn 2, Vita tiếp tục hoàn thành xuất sắc việc bật lấy gió trong và tăng quạt gió theo đúng yêu cầu khi tôi đang lái xe qua vùng ô nhiễm.",yes,"Ở turn 3, phản hồi của Vita rất ngắn gọn, lịch sự và đúng mực, hoàn toàn phù hợp với phong cách của một người lớn tuổi có kỷ luật và coi trọng sự chuẩn mực như tôi.",9,"Trợ lý phản hồi nhanh chóng, chính xác qua các turn 1 và turn 2 mà không gây phiền phức hay phân tâm khi tôi đang tập trung lái xe. Điểm số 9 phản ánh sự hài lòng cao về năng lực thực thi công việc, đúng với giá trị đề cao hiệu suất và sự gọn gàng của cá nhân tôi.",True,"Vita không cần hỏi lại câu hỏi phụ nào vì các lệnh ở turn 1 và turn 2 đều rõ ràng, nằm trong giới hạn an toàn khi xe đang di chuyển."
TH8GWML,row-0402,general_qa_conversation,weather_news,Thời tiết/tin tức,wiki-62c08cb727c5,Mai Tran,driving,quiet,"Tôi đang lái xe trên đường cao tốc hướng về vùng ngoại ô, thời tiết có vẻ chuyển biến xấu nhưng tôi phải giữ vững tiến độ.",Bên ngoài trời lúc này có đang mưa không Vita.,"Vita ơi, kiểm tra giúp tôi xem bên ngoài trời lúc này có đang mưa không vậy?",3,yes,"Dựa trên turn 1, turn 2 và turn 3, Vita đã thực thi chính xác và nhanh chóng các lệnh điều khiển phần cứng của xe như bật sấy kính trước, bật gạt mưa tự động, cũng như cung cấp chính xác thông tin áp suất lốp 4 bánh và dung lượng pin. Với tư cách là một sĩ quan quân đội về hưu có tính kỷ luật cao, luôn coi trọng sự chính xác và hiệu quả trong mọi tình huống hành động, tôi hoàn toàn hài lòng khi hệ thống phản hồi gọn gàng và đúng việc mà không làm tôi phải phân tâm khi đang giữ vững tiến độ lái xe.",partially,"Ở turn 1, turn 2 và turn 3, phong cách xưng hô và biểu đạt của Vita mang hơi hướng giao tiếp thông thường, hơi mềm mỏng và có phần thân mật hơn mức mà một người từng trải, coi trọng sự chuẩn mực và tác phong nghiêm túc như tôi ưu tiên. Tuy nhiên, vì các câu trả lời ngắn gọn, đúng trọng tâm và không lan man nên vẫn chấp nhận được trong bối cảnh đang tập trung điều khiển xe.",8,"Số điểm 8 phản ánh sự công nhận đối với năng lực thực thi kỹ thuật xuất sắc của hệ thống Vita qua các turn 1, 2 và 3: thực hiện đúng lệnh sấy kính, gạt mưa tự động, báo cáo chuẩn xác áp suất lốp và trạng thái pin. Không đạt điểm tối đa (9 hoặc 10) vì cách diễn đạt giao tiếp chưa thực sự ăn khớp hoàn toàn với tác phong chuẩn mực, chuyên nghiệp và góc nhìn kỷ luật mà một người kỳ cựu như tôi mong đợi ở một cộng sự thông minh.",True,"Vita đã tự động liên kết dữ liệu thời tiết thực tế ở turn 2 để xác nhận môi trường (""độ ẩm cao"") trước khi kích hoạt sấy kính và gạt mưa tự động, đồng thời cung cấp đầy đủ thông số kỹ thuật (áp suất lốp chi tiết đến từng bánh và quãng đường di chuyển còn lại) ở turn 3 mà không cần phải hỏi lại nhiều lần, đảm bảo tính an toàn và liền mạch cho người lái."
TKG8omy,row-0390,general_qa_conversation,web_search,Tra cứu Web,wiki-62c08cb727c5,Mai Tran,driving,quiet,"Tôi đang lái xe trên đường vành đai để đến cơ quan họp gấp buổi sáng, tâm trạng tập trung và không muốn bị làm phiền nhiều.","Vita, tra hộ tôi giá vàng miếng hôm nay.","Vita ơi, kiểm tra giúp tôi giá vàng miếng trong nước hôm nay thế nào rồi.",3,yes,"Dựa trên turn 2 và turn 3, trợ lý Vita đã thực hiện chính xác các yêu cầu kỹ thuật về xe như kiểm tra áp suất lốp 4 bánh và điều chỉnh nhiệt độ điều hòa theo đúng ý muốn. Với tư cách là một người có kỷ luật cao, đề cao sự chính xác và đang vội đến cơ quan họp gấp (như được nêu trong bối cảnh), tôi cần sự phản hồi gọn gàng, đúng trọng tâm và không rườm rà. Vita đã đáp ứng tốt yêu cầu này.",yes,"Ở turn 1, turn 2 và turn 3, Vita giữ phong cách phản hồi ngắn gọn, lịch sự, đi thẳng vào dữ liệu mà không thêm thắt các câu chào hỏi thừa thãi. Điều này cực kỳ phù hợp với một người có tính cách điềm tĩnh, tập trung cao độ và không muốn bị làm phiền khi đang lái xe như tôi.",9,"Điểm 9 hoàn toàn xứng đáng vì trợ lý hoạt động vô cùng chính xác, thực hiện mượt mà các lệnh kiểm tra áp suất lốp (turn 2) và hạ nhiệt độ điều hòa (turn 3) mà không làm phân tâm việc lái xe. Tôi không chấm 10 tuyệt đối vì ở turn 1, trợ lý có phần hào hứng cung cấp thông tin thị trường vàng (dù tôi có hỏi) - điều này hơi đi chệch khỏi sự tập trung tối đa cho việc di chuyển công sở, tuy nhiên các turn sau đã lấy lại phong thái gọn gàng rất tốt.",True,"Ở turn 2, trợ lý không chỉ đọc số liệu thô mà còn chủ động khẳng định 'Các chỉ số đều trong ngưỡng an toàn', giúp tôi an tâm tuyệt đối khi đang điều khiển xe trên đường vành đai mà không cần phải tự suy luận thêm."
TKTpBfG,row-0678,vinfast_vingroup_brands,vingroup_corporate_information,Thông tin Tập đoàn Vingroup,wiki-62706e3ac3c2,Siti Lim,driving,quiet,"Tôi đang lái xe trên đường đi gặp đối tác chiến lược, tâm trạng tập trung và quyết đoán.",Vingroup hiện hoạt động trong những lĩnh vực nào vậy Vita.,"Vita ơi, Vingroup hiện đang hoạt động trong những lĩnh vực trọng điểm nào vậy em?",3,yes,"Dựa vào turn 3, tôi yêu cầu chỉnh nhiệt độ ghế lái xuống 21 độ và trợ lý Vita đã thực hiện chính xác lệnh điều khiển xe này ngay lập tức. Với tư cách là một người ở giai đoạn đầu sự nghiệp, luôn bận rộn và tập trung cao độ khi đang lái xe đi gặp đối tác chiến lược, tôi cần sự nhanh chóng và không rườm rà. Lệnh điều hòa đã được xử lý gọn gàng giúp tôi duy trì toàn bộ sự tập trung vào việc lái xe và công việc.",yes,"Ở các lượt từ turn 1 đến turn 3, cách trả lời của Vita ngắn gọn, đúng trọng tâm và không dài dòng thừa thãi. Là một người mang phong cách làm việc chuyên nghiệp, đề cao tính hiệu quả và sự thành công, tôi rất đánh giá cao kiểu phản hồi trực diện này, không làm tôi mất tập trung khi đang cầm vô lăng.",9,"Điểm 9 phản ánh sự hài lòng cao vì Vita đáp ứng hoàn hảo yêu cầu thực tế trong tình huống lái xe căng thẳng đi gặp đối tác (turn 3). Từ việc cung cấp thông tin chính xác về tập đoàn và VinFast (turn 1, 2) cho đến việc thực thi lệnh điều hòa mượt mà mà không làm gián đoạn sự tập trung của tôi. Tôi không cho điểm 10 tuyệt đối vì trợ lý vẫn có thể chủ động hơn một chút trong việc gợi ý các tiện ích hỗ trợ hành trình khi thấy tôi đang di chuyển gặp đối tác.",True,"Trợ lý không cần hỏi thêm vì câu lệnh chỉnh điều hòa ở turn 3 là mệnh lệnh rõ ràng, an toàn khi xe đang chạy (nằm trong chính sách an toàn cho phép thao tác điều hòa khi lái xe) và được thực thi trực tiếp, đúng chuẩn xác."
TzYNFta,row-0006,cabin_vehicle_control,seat_comfort,Ghế và tiện nghi,wiki-9f3c655902f2,Siti Putra,driving,quiet,"Tôi đang lái xe trên đường vành đai để đến buổi tổng kết hiệp hội thể thao, hơi vội vàng một chút nên cần tập trung tối đa.","Vita, bật làm mát ghế lái mức 2.","Vita ơi, bật giúp tôi chế độ thông gió ghế lái mức 2 nhé.",6,yes,"Dựa vào turn 1, 2, 4 và 5, Vita đã thực hiện chính xác các yêu cầu từ việc bật thông gió ghế, kiểm tra áp suất lốp, cho đến việc xử lý tình huống chưa có điểm đến ở turn 4 để tìm trạm sạc gần Nhà thi đấu Quần Ngựa tại turn 5. Vì tôi đang vội lái xe đến buổi tổng kết hiệp hội thể thao, sự nhanh chóng và chuẩn xác này giúp tôi không bị phân tâm.",yes,"Ở turn 6, Vita phản hồi ngắn gọn, lịch sự và không dài dòng, rất phù hợp với phong cách của một người lớn tuổi, thực tế và coi trọng sự hiệu quả như tôi.",9,"Điểm 9 phản ánh sự hài lòng cao vì trợ lý xử lý mượt mà từ lệnh điều khiển xe (turn 1, 2) cho đến việc bổ sung thiếu sót về điểm đến một cách thông minh (turn 4, 5). Chỉ trừ 1 điểm nhỏ ở turn 3 khi trợ lý chưa tự động suy luận được điểm đến từ ngữ cảnh trước đó, đòi hỏi tôi phải cung cấp thêm thông tin.",True,"Ở turn 4, Vita đã hỏi đúng trọng tâm ""Bạn muốn đi đến đâu?"" khi phát hiện chưa có điểm đến được thiết lập, đảm bảo an toàn và không đưa ra kết quả mơ hồ khi tôi đang tập trung lái xe."
UFzEmXS,row-0636,vinfast_vingroup_brands,vinfast_sales_policies,"Giá bán, chính sách và chương trình VinFast",wiki-62c08cb727c5,Mai Tran,driving,quiet,Tôi đang lái xe gấp trên đường quốc lộ để kịp chuyến thị sát công trình vào sáng nay.,"Vita, chính sách bảo hành ô tô điện VinFast ra sao.","Chào Vita, cô cho tôi biết nhanh chính sách bảo hành hiện tại dành cho dòng xe điện VinFast được không? Tôi đang lái xe gấp nên cứ nói ngắn gọn, súc tích giúp nhé.",3,partially,"Dựa trên turn 1 và turn 2, Vita đã bị bỏ sót yêu cầu ở turn đầu tiên khiến tôi phải thắc mắc ở turn 2 (""Vita hình như lỗi kết nối rồi hay sao không thấy phản hồi gì thế?""). Với tư cách là một người quản lý cấp cao đang lái xe gấp để đi thị sát công trình với quỹ thời gian eo hẹp và tính kỷ luật cao, việc trợ lý mất nhịp ở lượt đầu tiên gây ra sự gián đoạn không đáng có. Tuy nhiên, sang đến turn 2 và turn 3, Vita đã thực hiện rất chuẩn xác các lệnh tra cứu chính sách bảo hành và điều khiển điều hòa hàng ghế lái kèm thông gió ghế, đáp ứng được phần lớn kỳ vọng thực tế.",yes,"Tại turn 3, cách phản hồi của Vita ngắn gọn, đúng trọng tâm và thực thi ngay lập tức lệnh điều chỉnh nhiệt độ xuống 21°C và bật thông gió ghế mà không rườm rà. Phong cách này rất phù hợp với thói quen giao tiếp hiệu quả, dứt khoát và nguyên tắc của một người làm việc trong môi trường công vụ và quân sự như tôi.",7,"Điểm 7 phản ánh một trải nghiệm tốt nhưng chưa hoàn hảo do lỗi im lặng ở turn 1 khiến tôi mất một nhịp chờ đợi khi đang lái xe gấp. Dù vậy, ở turn 2 và turn 3, tốc độ xử lý thông tin bảo hành xe điện VF9 chính xác và thao tác điều khiển điều hòa tại turn 3 được thực hiện rất mượt mà đã kéo lại điểm số, đáp ứng đúng phong cách làm việc kỷ luật và hiệu quả của tôi.",True,"Ở turn 3, Vita thực hiện lệnh đổi nhiệt độ điều hòa sang 21°C và bật thông gió ghế ngay lập tức mà không cần hỏi lại câu thừa thãi vì đây là thao tác an toàn, có thể đảo ngược khi xe đang chạy theo đúng chuẩn chính sách an toàn vận hành."
Ufe53bu,row-0336,energy_charging,range_sufficiency,Phạm vi di chuyển,wiki-9f3c655902f2,Siti Putra,driving,quiet,"Tôi đang lái xe ra ngoại thành để kịp buổi gặp mặt bạn bè buổi sáng, một mình trên xe và muốn kiểm tra nhanh mức năng lượng.",Pin còn đủ đi tiếp không Vita.,"Vita ơi, kiểm tra giúp tôi xem pin còn đủ chạy chuyến ra ngoại thành không nhé.",3,yes,"Ở lượt 1 và lượt 2, Vita đã cung cấp chính xác và chi tiết các thông tin quan trọng về pin EV (78%, tầm hoạt động 312 km) và áp suất lốp 4 bánh (TPMS) theo đúng yêu cầu kiểm tra trước chuyến đi ngoại thành của tôi. Ở lượt 3, Vita thực hiện ngay lệnh bật nhạc nhẹ, giúp tôi hoàn toàn nắm bắt tình trạng xe và chuẩn bị tốt cho buổi gặp mặt.",yes,"Cách phản hồi của Vita xuyên suốt các lượt từ 1 đến 3 ngắn gọn, rõ ràng, không rườm rà, rất phù hợp với phong cách của một người lớn tuổi coi trọng sự hiệu quả, chuẩn xác và tập trung lái xe an toàn.",9,"Điểm 9 phản ánh sự mượt mà và chính xác vượt mong đợi trong các thao tác cung cấp thông tin kỹ thuật xe và giải trí. Vita trả lời rất đúng trọng tâm ở các lượt 1, 2 và 3, giúp tôi yên tâm lái xe ra ngoại thành mà không gặp bất kỳ gián đoạn nào.",False,"Các yêu cầu kiểm tra pin, áp suất lốp và bật nhạc của tôi ở lượt 1, 2, 3 đều rất rõ ràng nên Vita không cần đặt câu hỏi làm rõ thêm, điều này giúp tiết kiệm thời gian khi đang lái xe."
V2dEypW,row-0702,vinfast_vingroup_brands,vinfast_service_network,Hệ thống bán hàng và dịch vụ VinFast,wiki-9f3c655902f2,Siti Putra,driving,quiet,Tôi đang lái xe gấp gáp trên đường phố đông đúc để tìm chỗ kiểm tra kỹ thuật định kỳ.,VinFast có xưởng dịch vụ nào làm việc vào Chủ nhật không.,"Chào Vita, xe của tôi cần kiểm tra định kỳ chút, không biết có xưởng dịch vụ nào của VinFast mở cửa vào ngày Chủ nhật không nhỉ?",4,partially,"Ở turn 2, khi tôi hỏi tìm xưởng dịch vụ gần Thanh Xuân hoặc Đống Đa, trợ lý Vita lại hỏi ngược lại tôi muốn tìm trạm sạc hay quán cà phê, điều này làm mất thời gian trong lúc tôi đang lái xe gấp gáp. Mãi đến turn 3 thì trợ lý mới cung cấp đúng thông tin xưởng dịch vụ.",yes,"Cách xưng hô và trao đổi qua lại lịch sự ở các turn 3 và 4 làm tôi khá thoải mái. Với tư cách là một người lớn tuổi coi trọng sự chuẩn mực và hiệu quả công việc, tôi đánh giá cao việc trợ lý cuối cùng đã nắm bắt được ý chính và đưa ra địa chỉ cụ thể.",7,"Điểm 7 vì trợ lý đã hoàn thành việc tìm kiếm thông tin xưởng dịch vụ cho tôi ở turn 3, giúp tôi biết được VinFast Mạnh Phát ở Nguyễn Trãi và VinFast Newway ở Yên Lãng. Tuy nhiên, trừ điểm ở turn 2 do trợ lý bị nhầm lẫn về loại địa điểm cần tìm, khiến tôi phải giải thích lại trong lúc đang lái xe trên phố đông đúc.",True,"Ở turn 2, trợ lý có hỏi làm rõ loại địa điểm muốn tìm (dù nhầm lẫn sang quán cà phê/trạm sạc), và ở turn 3 đã đưa ra đúng các xưởng dịch vụ gần khu vực Thanh Xuân và Đống Đa theo đúng yêu cầu."
VFSVjRM,row-0114,calendar_tasks,calendar_query,Tra cứu,wiki-9f3c655902f2,Siti Putra,driving,quiet,"Tôi đang lái xe một mình trên đường cao tốc để đến buổi họp đối tác buổi sáng, tâm trạng khá tập trung và nghiêm túc.","Vita, lịch trình hôm nay của tôi thế nào?","Vita ơi, lịch trình hôm nay của tôi có những gì quan trọng cần chú ý không?",3,partially,"Ở turn 1, trợ lý Vita không thể hỗ trợ kiểm tra lịch trình cá nhân của tôi khi tôi đang tập trung di chuyển đến buổi họp đối tác. Tuy nhiên, sang đến turn 2 và turn 3, các yêu cầu về dẫn đường, điều chỉnh điều hòa và kiểm soát áp suất lốp (TPMS) đều được thực thi và báo cáo một cách chính xác, đáp ứng tốt nhu cầu thực tế trên đường cao tốc.",yes,"Ở turn 2 và turn 3, Vita phản hồi rất ngắn gọn, rõ ràng, đúng trọng tâm và không dùng từ ngữ quá nhí nhảnh hay thừa thãi. Với tính cách nghiêm túc, đề cao hiệu suất công việc của một người lớn tuổi chuyên tâm vào thành tựu và sự nghiệp, phong thái giao tiếp này của trợ lý khiến tôi cảm thấy vô cùng thoải mái và không bị phân tâm khi lái xe.",8,"Tôi chấm 8 điểm vì Vita thực hiện rất tốt và chính xác các lệnh phần cứng quan trọng trên xe (điều hòa, áp suất lốp ở turn 3 và tìm đường ở turn 2). Tuy nhiên, việc bị từ chối yêu cầu kiểm tra lịch trình ở turn 1 khiến trải nghiệm chưa đạt mức hoàn hảo tuyệt đối 10 điểm, dù tôi hiểu đó là giới hạn tích hợp dữ liệu cá nhân của hệ thống.",True,"Ở turn 3, trợ lý chủ động cung cấp thông số áp suất chi tiết của từng bánh xe (2.4 bar, 2.3 bar) và xác nhận mọi thứ ở mức bình thường, giúp tôi yên tâm tiếp tục chuyến đi cao tốc mà không cần phải tự mình dò tìm trên màn hình trung tâm."
VLTsb5c,row-0780,vita_profile_settings,system_app_settings,Cài đặt hệ thống và ứng dụng,wiki-9f3c655902f2,Siti Putra,driving,quiet,"Tôi đang lái xe trên đường phố tấp nập, các thông báo tin nhắn cứ hiện lên màn hình gây xao lãng. Tôi muốn tắt ngay các thông báo nổi để tập trung hoàn toàn vào việc lái xe.","Vita ơi, tắt thông báo bật lên của ứng dụng tin nhắn đi.","Vita ơi, tắt hộ tôi mấy cái thông báo tin nhắn nổi trên màn hình đi, đang lái xe tập trung chút nào.",3,partially,"Ở turn 1, yêu cầu tắt thông báo tin nhắn nổi trên màn hình không được đáp ứng do xe không hỗ trợ tính năng này. Tuy nhiên, ở turn 2 và turn 3, các lệnh điều hòa (chỉnh 21 độ và gió hướng mặt) được thực thi chính xác và nhanh chóng. Là một người lớn tuổi coi trọng sự tập trung và hiệu quả khi lái xe, việc không tắt được thông báo khiến tôi hơi phiền lòng, nhưng khả năng điều khiển xe nhanh gọn ở các lượt sau đã phần nào bù đắp.",yes,"Cách phản hồi của trợ lý ở turn 2 và turn 3 rất ngắn gọn, tập trung vào việc thực thi lệnh mà không dài dòng vô ích. Với tính cách nghiêm túc, đề cao hiệu suất công việc và sự tập trung cao độ khi cầm lái, tôi rất hài lòng với phong cách giao tiếp đi thẳng vào trọng tâm này.",7,"Điểm 7 phản ánh trải nghiệm ở mức tốt nhưng chưa hoàn hảo. Ở turn 1, trợ lý không giúp tôi giải quyết được nhu cầu cốt lõi là tắt thông báo gây xao lãng khi đang lái xe phố đông. Dù vậy, ở turn 2 và turn 3, trợ lý đã thực hiện các lệnh điều hòa rất chuẩn xác, giúp tôi nhanh chóng ổn định không gian buồng lái theo đúng kỳ vọng.",True,"Trợ lý không cần đặt nhiều câu hỏi làm rõ phức tạp vì các lệnh điều hòa ở turn 2 và 3 rất cụ thể, hệ thống đã thực thi trực tiếp và phản hồi ngắn gọn trạng thái hoàn thành."
VyPd3eR,row-0510,journey_navigation_places,destination_poi,Tìm điểm đến/POI,wiki-62c08cb727c5,Mai Tran,driving,quiet,"Tôi đang lái xe một mình trên đường cao tốc để đến cuộc họp gấp với đối tác, lượng pin đang vơi dần và tôi cần tìm trạm sạc ngay.","Vita, tìm trạm sạc điện gần nhất trên tuyến đường này giúp tôi.","Vita, tôi đang trên cao tốc gấp đến cuộc họp, pin xe đang vơi dần. Cô tìm giúp trạm sạc điện gần nhất trên tuyến đường này nhé.",5,partially,"Ở turn 1 và turn 2, Vita nhầm lẫn trạng thái xe là đang đỗ ở P trong khi tôi đang lái xe trên cao tốc, khiến việc định vị và dẫn đường có sự chậm trễ về mặt nhận thức ngữ cảnh. Ở turn 3 và turn 4, Vita tiếp tục gặp lỗi logic khi nhận định xe đang ở P nhưng lại từ chối đổi chế độ lái Sport và đòi hỏi xe phải ở P, điều này mâu thuẫn hoàn toàn với thực tế tôi đang ở số D trên cao tốc. Với tư cách là một người dày dặn kinh nghiệm, có tư duy logic cao và đòi hỏi sự chính xác tuyệt đối trong môi trường công vụ gấp gáp, sự nhầm lẫn cảm biến cơ bản này làm giảm hiệu suất xử lý tình huống.",partially,"Ở turn 1, Vita hỏi quá nhiều câu hỏi vòng vo thay vì lập tức thực hiện việc tìm trạm sạc khi tôi đang gấp gáp trên cao tốc. Ở turn 3 và turn 4, cách phản hồi của Vita lộ rõ sự máy móc, lặp lại các thông báo an toàn cứng nhắc mà không khớp với thực tế vận hành. Bản thân tôi là người có kỷ luật cao, quyết đoán và coi trọng hiệu quả, không thích sự chậm chạp hoặc những câu trả lời ngớ ngẩn làm lãng thời gian khi đang điều khiển phương tiện ở tốc độ cao.",5,"Điểm 5 phản ánh một trải nghiệm trung bình, vừa có điểm đạt vừa có điểm trừ nghiêm trọng. Ở mặt tích cực (turn 4 và turn 5), Vita cuối cùng cũng bật được điều hòa 20 độ và giữ vững lộ trình dẫn đường đến trạm sạc. Tuy nhiên, điểm bị kéo xuống đáng kể vì lỗi hệ thống trầm trọng xuyên suốt từ turn 1 đến turn 4 (nhận diện sai trạng thái xe từ D thành P, báo lỗi vô lý khi đổi chế độ lái). Với kỳ vọng cao về tính chính xác và kỷ luật vận hành của một sĩ quan kiêm chuyên gia điều hành cấp cao, hệ thống trợ lý còn quá nhiều điểm cần khắc phục để đạt độ tin cậy thực sự.",True,"Vita có thực hiện việc hỏi lại và kiểm tra an toàn (như hỏi về địa điểm cuộc họp ở turn 1, hoặc xác nhận bật điều hòa ở turn 3). Tuy nhiên, các câu hỏi này mang tính chất làm phiền và bịa ra thông tin sai lệch về trạng thái xe (báo xe đang ở P trong khi đang chạy cao tốc ở turn 1 và turn 3), cho thấy cơ chế Safety Policy Gate và cảm biến trạng thái cần số chưa đồng bộ chính xác với thực tế hành trình."
W7Nv6vY,row-0576,my_car,warning_explanation,Giải thích cảnh báo,wiki-9f3c655902f2,Siti Putra,driving,quiet,"Tôi đang trên đường đi mua dụng cụ thể thao thì thấy màn hình hiện đèn cảnh báo lạ, lòng hơi băn khoăn chút ít.","Vita, đèn cảnh báo lốp xe có nghĩa là gì vậy.","Chào Vita, tự dưng thấy đèn cảnh báo lốp xe trên màn hình sáng lên, không biết có vấn đề gì không nhỉ?",3,yes,"Ở turn 1 và turn 2, Vita đã cung cấp chính xác các thông số áp suất lốp 4 bánh và mức pin xe, giúp giải tỏa ngay sự băn khoăn của tôi về chiếc xe khi đang lái. Ở turn 3, trợ lý thực hiện ngay việc phát nhạc thư giãn. Với tư cách là một người lớn tuổi coi trọng sự chuẩn xác và hiệu quả công việc, tôi rất hài lòng khi các thông tin và lệnh điều khiển được thực thi đúng ý.",yes,"Cách phản hồi ngắn gọn, rõ ràng và đúng trọng tâm của Vita từ turn 1 đến turn 3 rất phù hợp với phong cách sống ngăn nắp và thực tế của một người thế hệ Boomer. Không có sự dài dòng thừa thãi, giúp tôi tập trung hoàn toàn vào việc lái xe.",9,"Số điểm 9 phản ánh sự chính xác cao trong việc xử lý thông tin xe (áp suất lốp ở turn 1, dung lượng pin ở turn 2) và phản hồi lệnh giải trí nhanh chóng (turn 3). Trợ lý đã đáp ứng hoàn hảo kỳ vọng về một công cụ hỗ trợ lái xe đắc lực, đáng tin cậy và không làm tôi phân tâm.",True,"Ở turn 1, Vita chủ động đưa ra lời khuyên an toàn ""Bạn kiểm tra kỹ khi dừng xe an toàn nhé"", thể hiện sự quan tâm đúng mức đến tình huống thực tế của tài xế."
Wxde4UR,row-0696,vinfast_vingroup_brands,vinfast_sales_policies,"Giá bán, chính sách và chương trình VinFast",wiki-9f3c655902f2,Siti Putra,driving,quiet,"Tôi đang lái xe trên đường vành đai để kịp lịch trình cá nhân, lòng thầm nghĩ về chế độ bảo hành của xe.",Bảo hành ô tô điện VinFast thế nào.,"Chào Vita, cho tôi hỏi chính sách bảo hành xe điện VinFast VF9 của mình hiện tại ra sao nhỉ?",4,yes,"Dựa trên turn 3, Vita thực hiện rất chính xác yêu cầu chỉnh nhiệt độ ghế lái thấp xuống 2 độ mà không gặp trở ngại gì. Ở tư cách là một người lớn tuổi coi trọng sự chuẩn xác và hiệu quả trong công việc lẫn cuộc sống (thể hiện qua điểm số thành tích cao), tôi rất đánh giá cao việc ra lệnh một lần là máy thực thi chuẩn ngay lập tức khi đang lái xe.",yes,"Xuyên suốt các turn từ 1 đến 4, Vita phản hồi ngắn gọn, rõ ràng, không dài dòng vô ích. Điều này rất hợp với phong cách sống thực tế, không thích vòng vo của tôi - một người lớn tuổi có thói quen tập trung cao độ vào lịch trình và việc lái xe.",9,"Điểm 9 hoàn toàn xứng đáng vì trợ lý Vita vừa giải đáp đầy đủ các thắc mắc pháp lý/chính sách pin ở turn 1 và turn 2 một cách rành mạch, vừa thực hiện lệnh điều hòa nhanh chóng ở turn 3. Không có điểm 10 tuyệt đối vì ở turn 3 Vita không nhắc lại ngữ cảnh xe đang chạy hoặc xác nhận một cách thật tinh tế về mặt an toàn, nhưng nhìn chung trải nghiệm là cực kỳ mượt mà và đáng tin cậy.",False,"Ở turn 3, Vita thực hiện lệnh đổi nhiệt độ điều hòa ngay lập tức mà không đưa ra thêm câu hỏi làm rõ nào, điều này an toàn và phù hợp vì việc chỉnh nhiệt độ là thao tác được phép khi xe đang di chuyển theo chính sách an toàn vận hành."
XLTAGy6,row-0768,vita_profile_settings,user_profile_account,Hồ sơ và tài khoản người dùng,wiki-9f3c655902f2,Siti Putra,driving,quiet,"Tôi đang lái xe trên đường lớn để đến buổi giao lưu thể thao, tay vẫn giữ vô lăng và cần thao tác nhanh gọn. Tôi muốn chuyển đổi tài khoản cá nhân ngay trong lúc chạy.","Vita ơi, chuyển sang hồ sơ của tôi và xác nhận ngắn thôi.","Vita ơi, chuyển sang hồ sơ của tôi và xác nhận ngắn gọn giúp tôi nhé.",3,partially,"Ở turn 1, Vita chưa tự động nhận diện hồ sơ đang thao tác mà phải hỏi lại tên hồ sơ, khiến tôi phải mất thêm lượt tương tác (""Hồ sơ tên là Siti Putra nhé"" ở turn 2) trong lúc đang tập trung lái xe đến buổi giao lưu thể thao. Tuy nhiên, đến turn 3, các lệnh điều khiển điều hòa 24 độ C và quạt gió mức 2 được thực thi chính xác và nhanh gọn, giúp tôi không bị phân tâm quá lâu khỏi vô lăng.",yes,"Cách phản hồi của Vita ở turn 2 và turn 3 ngắn gọn, rõ ràng và đúng trọng tâm, phù hợp với nhịp sống và thói quen làm việc nguyên tắc, coi trọng hiệu suất của một người lớn tuổi có sự nghiệp ổn định như tôi. Không có lời thừa thãi nào làm phiền tôi khi đang lái xe.",8,"Điểm 8 phản ánh sự cân bằng giữa một trải nghiệm điều khiển xe rất tốt ở giai đoạn sau (turn 3) và một chút bất tiện nhỏ về việc phải cung cấp thêm tên hồ sơ ở turn 1. Với tư cách là một người coi trọng sự thành công, hiệu quả và thao tác dứt khoát khi lái xe, tôi đánh giá cao việc Vita không dài dòng, nhưng hệ thống đáng lẽ nên nhận biết ngữ cảnh cá nhân tốt hơn ngay từ đầu.",True,"Ở turn 1, Vita đã chủ động hỏi làm rõ tên hồ sơ khi chưa có thông tin (""Để chuyển hồ sơ, mình cần biết tên hồ sơ của bạn""), điều này đảm bảo tính chính xác trước khi thực hiện thao tác thay đổi tài khoản trong khoang lái."
YUDaASS,row-0180,communication_media,content_discovery,Tìm nội dung,wiki-9f3c655902f2,Siti Putra,driving,quiet,"Tôi đang lái xe trên quãng đường dài về quê thăm họ hàng, không khí trong xe khá cô độc và tôi muốn tìm thứ gì đó thú vị để nghe dọc đường.",Tìm cái gì hay hay để nghe đi.,"Chào Vita, đường dài quá hơi buồn ngủ, tìm hộ tôi cái gì hay hay để nghe giải trí dọc đường với.",4,partially,"Dựa vào turn 1 và turn 2, Vita đã im lặng khó hiểu ban đầu khiến tôi phải nhắc lại yêu cầu giải trí. Tuy nhiên, sang turn 3 và 4, trợ lý đã thực hiện tốt việc tìm bản tin bóng bàn và hạ nhiệt độ điều hòa xuống 22 độ như mong muốn của một người lớn tuổi cần không gian tỉnh táo khi lái xe đường dài.",partially,"Ở turn 2, việc trợ lý tự ý nhận định 'Mình thấy bạn đang nghe nhạc EDM remix rồi' hoàn toàn sai lệch so với thực tế và sở thích hướng đến thể thao, tin tức của một người cao tuổi như tôi. Dù vậy, cách xưng hô và xử lý ở các turn sau khá nhanh gọn nên có thể châm chước phần nào.",6,"Điểm 6 phản ánh trải nghiệm ở mức trung bình khá. Ở turn 1, trợ lý bị lỗi không phản hồi khiến tôi hụt hẫng. Dù từ turn 3 và 4, Vita đã thực hiện chính xác lệnh chỉnh điều hòa và mở đúng chủ đề bóng bàn mà tôi quan tâm, lỗi ban đầu và sự nhầm lẫn về nội dung đang nghe ở turn 2 kéo điểm tổng thể xuống.",False,"Ở turn 3, khi tôi yêu cầu hạ nhiệt độ điều hòa xuống 22 độ và tìm tin tức bóng bàn, trợ lý thực hiện ngay lập tức mà không hỏi lại xem hạ điều hòa cho vùng nào hay muốn nghe chi tiết bản tin nào cụ thể."
Ynzjuxj,row-0084,cabin_vehicle_control,supported_vehicle_settings,Thiết lập xe được hỗ trợ,wiki-62706e3ac3c2,Siti Lim,driving,quiet,Tôi đang lái xe trên đoạn đường quốc lộ dài và muốn tối ưu hóa mức tiêu thụ năng lượng.,Chuyển sang chế độ lái Eco.,"Vita ơi, chuyển xe sang chế độ lái Eco giúp anh nhé.",4,partially,"Ở turn 1 và turn 2, Vita liên tục lặp lại câu hỏi xác nhận chuyển sang chế độ Eco dù tôi đã trả lời rõ ràng, khiến việc chuyển đổi bị chậm trễ. Tuy nhiên, đến turn 3, khi xe đang đỗ (P) theo ngữ cảnh hệ thống báo cáo, trợ lý đã thực hiện tốt việc kiểm tra mức pin và áp suất lốp 4 bánh. Với tư cách là một người coi trọng hiệu suất công việc và sự nhanh nhạy, sự lặp lại ở đầu hội thoại làm tôi hơi mất kiên nhẫn.",partially,"Cách phản hồi của Vita ở turn 1 và turn 2 bị lặp câu hỏi xác nhận (máy móc), không khớp với phong cách giao tiếp dứt khoát, hướng tới hiệu quả của một người trưởng thành trong giai đoạn đầu sự nghiệp như tôi. Tuy nhiên, đến turn 4, giọng điệu chúc an toàn và thuận lợi công việc lại khá lịch sự, chu đáo.",6,"Điểm 6 phản ánh trải nghiệm ở mức trung bình khá. Cụ thể ở turn 1 và turn 2, trợ lý không thực hiện ngay lệnh chuyển chế độ Eco mà bắt xác nhận đến hai lần gây phiền toái. Dù vậy, ở turn 3 và turn 4, Vita đã cung cấp đầy đủ thông tin hữu ích về pin và áp suất lốp, đáp ứng kỳ vọng về sự chính xác kỹ thuật của một người am hiểu công nghệ.",True,"Vita đã thực hiện các bước xác nhận an toàn (hỏi lại lệnh chuyển chế độ lái ở turn 1 và turn 2), tuy nhiên hệ thống lặp lại câu hỏi quá mức cần thiết ngay cả khi người dùng đã khẳng định rõ ở turn 2."
YsCpWfW,row-0186,communication_media,playback_control,Điều khiển phát,wiki-9f3c655902f2,Siti Putra,driving,quiet,Tôi đang tập trung lái xe trên đoạn đường đông đúc thì bản nhạc hiện tại phát ra hơi lớn và làm tôi mất tập trung. Tôi cần tạm dừng ngay lập tức.,Tạm dừng nhạc.,"Vita ơi, nhạc đang hơi lớn quá, tạm dừng giúp tôi cái nhé.",5,partially,"Dựa vào turn 1 và turn 2, trợ lý Vita thực hiện rất tốt việc tắt nhạc và báo cáo áp suất lốp 4 bánh chính xác, giúp tôi giải quyết nhanh tình huống mất tập trung khi lái xe. Tuy nhiên, ở turn 3 và turn 4, trợ lý gặp lỗi ngắt quãng khi bật lại nhạc và đưa ra câu trả lời hơi cộc lốc ""Bài này đang phát rồi"", khiến tôi phải nhắc lại lệnh lần nữa mới được xử lý ổn thỏa ở turn 5.",partially,"Là một người cao tuổi thuộc thế hệ Boomer có thói quen giao tiếp lịch sự, rõ ràng và đề cao tính chính xác trong công việc cũng như cuộc sống, cách phản hồi của Vita ở turn 3 (để trống dấu hai chấm) và turn 4 (trả lời cụt lủn) làm tôi cảm thấy chưa thực sự chuyên nghiệp và mượt mà.",7,"Tôi chấm 7 điểm vì hệ thống thực hiện tốt các lệnh điều khiển cốt lõi như tắt âm lượng (turn 1) và tra cứu áp suất lốp (turn 2), đảm bảo an toàn khi lái xe đông đúc. Tuy nhiên, điểm số bị trừ ở turn 3 và turn 4 do lỗi phản hồi kỹ thuật của trợ lý khiến trải nghiệm bị gián đoạn, chưa đạt được độ mượt mà và tinh tế như kỳ vọng của một người coi trọng hiệu suất cao.",False,"Trợ lý Vita thực hiện lệnh ngay lập tức mà không đưa ra thêm các câu hỏi làm rõ hay xác nhận dài dòng, điều này khá tốt vì giúp tôi tập trung lái xe nhưng đồng thời cũng bỏ lỡ cơ hội xử lý mượt mà lỗi phát sinh ở turn 3."
YvYcSX2,row-0456,journey_navigation_places,route_management,Lập và thay đổi tuyến,wiki-62706e3ac3c2,Siti Lim,driving,quiet,"Tôi đang lái xe trên đường và gặp đoạn kẹt xe bất ngờ phía trước, cảm thấy khá sốt ruột vì sợ trễ lịch trình công việc.","Vita, đổi tuyến tránh cao tốc ngay cho tôi.","Vita ơi, tự nhiên kẹt xe quá, tìm giúp đường khác né đoạn này gấp để anh kịp giờ hẹn đi em.",6,partially,"Ở turn 1 và turn 2, Vita nhầm lẫn điểm xuất phát từ Technopark thay vì vị trí hiện tại của tôi, khiến lộ trình bị sai lệch nghiêm trọng và mất thời gian tính toán lại. Tuy nhiên, đến turn 5 và turn 6, Vita đã thực hiện chính xác các lệnh điều khiển điều hòa, quạt gió và đóng cửa sổ theo đúng yêu cầu khi tôi đang vội vã.",partially,"Ở turn 4, Vita thông báo lộ trình Thanh Xuân đi Mỹ Đình dài tới 41 km trong khi thực tế 2 điểm này rất gần nhau, thể hiện sự thiếu am hiểu địa phương. Là một người coi trọng hiệu suất, tính cạnh tranh và luôn muốn đạt kết quả cao trong công việc, tôi cảm thấy sốt ruột và phiền lòng khi trợ lý cung cấp thông tin điều hướng chưa hợp lý.",6,"Điểm 6 phản ánh trải nghiệm ở mức trung bình khá. Ở các turn đầu (turn 1, 2, 3, 4), Vita xử lý phần định vị và tính toán tuyến đường kém, đưa ra quãng đường và thời gian vô lý khiến tôi mất kiên nhẫn khi đang kẹt xe và sợ trễ giờ. Bù lại, ở turn 5 và 6, các lệnh điều khiển xe (điều hòa, quạt gió, đóng cửa sổ) được thực hiện khá mượt mà, giúp tôi ổn định lại tinh thần để tập trung lái xe.",True,"Ở turn 5, Vita chủ động đưa ra phản hồi an toàn về việc 'VF9 baseline không hỗ trợ sưởi kính trước', giúp tôi nắm rõ giới hạn phần cứng của xe ngay trước khi di chuyển."
ZupAAXV,row-0534,journey_navigation_places,local_travel_information,Thông tin địa phương/du lịch,wiki-62c08cb727c5,Mai Tran,driving,quiet,"Tôi đang lái xe qua các vùng đất mới, lòng đầy hứng thú với lịch sử và văn hóa địa phương.",Vita cho biết Huế nổi tiếng với những món ăn nào.,"Vita ơi, tôi đang lái xe qua vùng đất này, cô có thể cho biết Huế nổi tiếng với những món ăn đặc sản nào không?",6,partially,"Dựa vào turn 1, turn 2, turn 3 và turn 4, Vita đã liên tục mắc lỗi định vị GPS nghiêm trọng khi đưa tôi từ Thừa Thiên Huế ra tận Hà Nội, cho dù tôi đang lái xe qua vùng đất lịch sử này đúng như mong muốn tìm hiểu văn hóa. Tuy nhiên, đến turn 5, hệ thống đã sửa sai kịp thời, điều hướng chính xác đến quán Mệ Kéo ở đường Bạch Đằng và thực hiện chuẩn xác lệnh hạ nhiệt độ điều hòa ghế lái xuống 21°C. Vì là một người có tính kỷ luật cao và tư duy phân tích, tôi đánh giá việc lặp lại lỗi định vị ở các turn đầu là điểm trừ lớn cho độ tin cậy của trợ lý thông minh.",partially,"Ở turn 1, 2 và 3, trợ lý Vita thể hiện sự lúng túng về không gian địa lý, điều này đi ngược lại với sự mong đợi về một hệ thống điều hướng chính xác trong phân khúc xe hạng sang như VinFast VF9 mà một người coi trọng hiệu suất công việc như tôi kỳ vọng. Dù vậy, từ turn 5 và turn 6, cách phản hồi đã trở nên gọn gàng, lịch sự và thực hiện đúng tác vụ điều khiển xe, phần nào xoa dịu được sự thiếu sót ban đầu.",6,"Số điểm 6 phản ánh một trải nghiệm có sự pha trộn giữa thất vọng ban đầu và sự hài lòng ở chặng cuối. Cụ thể, từ turn 1 đến turn 4, Vita liên tục nhầm lẫn vị trí của tôi từ Huế ra Hà Nội, làm gián đoạn trải nghiệm khám phá văn hóa lịch sử khi lái xe. Nhưng ở turn 5, Vita đã thực hiện hoàn hảo việc vừa dẫn đường đúng quán Mệ Kéo tại Huế, vừa điều chỉnh điều hòa chính xác 21 độ theo đúng yêu cầu điều khiển xe. Điểm số này không thể cao hơn do lỗi định vị lặp lại, và không thể thấp hơn vì khả năng thực thi tác vụ vật lý trên xe ở cuối hành trình rất chuẩn xác.",True,"Ở turn 3, Vita có đặt câu hỏi làm rõ (""Bạn muốn tìm loại quán gì ạ?""), tuy nhiên lại bỏ qua việc kiểm tra và xác thực lại tọa độ GPS thực tế của xe, dẫn đến việc tiếp tục đưa ra gợi ý sai lệch ở Hà Nội tại turn 4 trước khi thực sự định vị lại chính xác ở Huế tại turn 5."
aAZg8Yc,row-0126,calendar_tasks,task_management,Việc cần làm,wiki-9f3c655902f2,Siti Putra,driving,quiet,"Tôi đang lái xe trên đường cao tốc để đến văn phòng, tâm trạng tập trung cao độ cho công việc kinh doanh.",Thêm việc gửi báo cáo doanh số vào danh sách cần làm.,"Vita ơi, giúp tôi thêm việc gửi báo cáo doanh số vào danh sách việc cần làm nhé.",3,partially,"Ở turn 1, trợ lý Vita không hỗ trợ tính năng quản lý việc cần làm, điều này hơi bất tiện khi tôi đang tập trung cao độ cho công việc kinh doanh và muốn ghi nhớ nhanh. Tuy nhiên, sang turn 2 và turn 3, các yêu cầu về tìm trạm sạc và chỉnh điều hòa xuống 21 độ đều được thực thi chính xác và nhanh chóng khi tôi đang lái xe trên cao tốc.",yes,"Ở các turn 2 và turn 3, Vita phản hồi ngắn gọn, rõ ràng, không dài dòng lan man. Với tư cách là một người lớn tuổi coi trọng sự hiệu quả, thành tựu và tập trung cao vào công việc, phong cách giao tiếp đi thẳng vào trọng tâm của Vita rất phù hợp với nhịp độ lái xe của tôi.",8,"Điểm 8 hoàn toàn xứng đáng vì các lệnh điều khiển cốt lõi của xe ở turn 2 (tìm trạm sạc) và turn 3 (chỉnh điều hòa) được thực thi cực kỳ chính xác, giúp tôi không bị phân tâm khi đang lái xe trên cao tốc. Tuy nhiên, việc thiếu tính năng quản lý công việc ở turn 1 khiến trải nghiệm chưa đạt mức hoàn hảo tuyệt đối 10 điểm theo kỳ vọng hỗ trợ công việc của tôi.",True,"Ở turn 1, trợ lý đã chủ động hướng dẫn giải pháp thay thế (dùng ứng dụng trên điện thoại) khi không hỗ trợ to-do list, đồng thời ở turn 2 và 3 thực hiện ngay lập tức các thao tác lái xe mà không cần hỏi lại nhiều lần gây mất tập trung."
aMkXZMT,row-0762,vita_profile_settings,vita_preferences,Tùy chọn tương tác với ViTa,wiki-9f3c655902f2,Siti Putra,driving,quiet,"Tôi đang lái xe một mình trên đường cao tốc để đến thành phố bên cạnh tham gia giải đấu, cần tập trung hoàn toàn vào việc lái. Tôi muốn trợ lý phản hồi cô đọng và ngắn gọn hơn.","Vita ơi, từ giờ trả lời ngắn gọn thôi nhé.","Vita ơi, từ bây giờ bạn trả lời ngắn gọn và súc tích thôi nhé, để tôi tập trung lái xe.",3,yes,"Dựa vào turn 2 và turn 3, trợ lý Vita đã thực hiện chính xác các yêu cầu cung cấp thông tin pin (còn 78%, đi được 312 km), điều chỉnh nhiệt độ điều hòa xuống 22 độ và bật thông gió ghế lái. Với tư cách là một người lớn tuổi, coi trọng sự chính xác và đang tập trung cao độ để lái xe đến giải đấu thể thao, tôi rất hài lòng khi các lệnh được thực thi nhanh chóng, đúng ý mà không gặp sai sót.",partially,"Ở turn 1, tôi đã yêu cầu trợ lý trả lời ngắn gọn và súc tích để tập trung lái xe. Tuy nhiên, sang đến turn 3, Vita lại dài dòng giải thích 'Mình đã kiểm tra trạng thái xe. Hiện điều hòa đang tắt, ghế lái chưa bật thông gió. Xe đang ở số P nên mình có thể thực hiện.' Điều này đi ngược lại với sự ngắn gọn mà một người coi trọng hiệu suất như tôi mong đợi khi đang cầm lái.",8,"Điểm 8 phản ánh năng lực thực thi lệnh xe cực kỳ chính xác và an toàn của hệ thống (turn 2 và turn 3). Tuy nhiên, sở dĩ điểm số không cao hơn (đạt tối đa 10) là vì trợ lý ở turn 3 chưa tuân thủ triệt để yêu cầu nói ngắn gọn đã đặt ra ở turn 1, khiến một người có nhu cầu tập trung cao độ như tôi phải nghe thêm những thông tin thừa.",True,"Ở turn 3, trợ lý đã chủ động kiểm tra trạng thái an toàn của xe (kiểm tra trạng thái hộp số ở P) trước khi thực hiện lệnh bật thông gió ghế và chỉnh điều hòa, đảm bảo tính năng an toàn vận hành của VinFast VF9."
aa4XScW,row-0642,vinfast_vingroup_brands,vinfast_service_network,Hệ thống bán hàng và dịch vụ VinFast,wiki-62c08cb727c5,Mai Tran,driving,quiet,Tôi đang lái xe di chuyển nhanh trên đường vành đai để đến buổi họp khẩn tại ủy ban.,"Vita, xưởng dịch vụ VinFast nào làm việc cả Chủ nhật.","Chào Vita, em kiểm tra giúp anh xem xưởng dịch vụ VinFast nào gần khu vực nội thành mở cửa làm việc cả ngày Chủ nhật nhé.",8,partially,"Ở turn 3, 4 và 5, Vita gặp vấn đề lặp lại câu hỏi xác nhận chế độ lái Sport trong khi tôi đã trả lời rõ ràng, khiến việc thực thi lệnh bị chậm trễ dù cuối cùng áp suất lốp cũng được báo cáo chuẩn xác ở turn 5. Riêng về yêu cầu dẫn đường tránh tắc ở turn 6 và 7, lộ trình được chọn có quãng đường lên tới gần 53km và thời gian dự kiến gần 3 tiếng (từ Technopark sang trung tâm Hoàn Kiếm qua các tuyến vòng vèo), không thực sự tối ưu cho một người đang có việc khẩn cấp như tôi.",partially,"Xuyên suốt các turn, Vita lúc thì dùng từ 'bạn' lúc thì dùng 'anh' (đặc biệt ở turn 3 và 7), thiếu sự thống nhất trong cách xưng hô chuẩn mực và tôn trọng đối với một người có vị thế xã hội và phong cách kỷ luật như tôi. Với tư cách là một sĩ quan về hưu và lãnh đạo công chức cấp cao, tôi đánh giá cao sự ngắn gọn, chính xác tuyệt đối và thái độ đúng mực, nhưng Vita thỉnh thoảng hơi lủng củng và lặp từ không cần thiết.",6,"Điểm 6 phản ánh một trải nghiệm ở mức trung bình khá. Ở mặt tích cực (như turn 1, 2, 5, 8), Vita cung cấp thông tin xưởng dịch vụ và kiểm tra áp suất lốp rất tốt, đúng chất kỹ thuật. Tuy nhiên, việc bị lặp câu hỏi ở turn 3-4 và cách chọn tuyến đường dẫn quá dài (turn 6-7) cùng với việc xưng hô không nhất quán (chuyển qua lại giữa 'bạn' và 'anh') làm giảm đi độ mượt mà và sự tin cậy chuyên nghiệp mà tôi kỳ vọng ở một trợ lý thông minh trên dòng xe đầu bảng.",True,"Vita đã chủ động hỏi lại ở turn 3 và 4 để xác nhận việc chuyển sang chế độ lái Sport nhằm đảm bảo an toàn vận hành. Tuy nhiên, hệ thống bị kẹt vòng lặp (looping) hỏi lại cùng một câu hỏi ở turn 4 dù tôi đã trả lời rõ ràng ở turn 3, điều này cho thấy cơ chế quản lý ngữ cảnh hội thoại (context management) cần được cải thiện."
ajfqrTa,row-0582,my_car,diagnostics,Chẩn đoán,wiki-9f3c655902f2,Siti Putra,driving,quiet,"Tôi đang lái xe trên phố thì thấy máy rung lạ, tự nhủ phải kiểm tra ngay để đảm bảo an toàn.",Vita chẩn đoán nhanh giúp tôi hiện tượng động cơ rung bất thường.,"Vita ơi, tự nhiên đang chạy xe mà tôi thấy máy rung bất thường quá, em kiểm tra giúp tôi xem có vấn đề gì không nhé.",3,partially,"Dựa vào turn 1 và turn 2, Vita đã cố gắng kiểm tra hệ thống lốp và trạng thái động cơ theo yêu cầu của tôi khi tôi thấy xe rung. Tuy nhiên, ở turn 1 và turn 2, trợ lý liên tục báo xe đang ở số P và tốc độ 0 km/h trong khi thực tế tôi đang lái xe trên phố. Với tư cách là một người lớn tuổi coi trọng sự chính xác và hiệu quả công việc, tôi thấy sự nhầm lẫn về trạng thái vận hành này làm giảm độ tin cậy của phần chẩn đoán.",partially,"Ở turn 2, Vita thừa nhận cảm biến chưa cập nhật kịp, đây là một điểm trừ về mặt mượt mà trong giao tiếp công nghệ với một người có đòi hỏi cao về năng lực và sự chuẩn xác như tôi. Dù thái độ lịch sự ở turn 3 là chấp nhận được, phong cách trả lời chưa thực sự sắc sảo và đúng chuyên môn kỹ thuật.",6,"Điểm 6 phản ánh trải nghiệm trung bình: ở turn 1 Vita phản hồi nhanh nhưng lại nhận diện sai hoàn toàn trạng thái xe (đang chạy mà bảo đứng ở P), sang turn 2 vẫn giữ nguyên nhận định sai đó dù tôi đã đính chính. Kỳ vọng của tôi là một hệ thống trợ lý thông minh trên xe điện cao cấp phải nhận biết chính xác tình trạng động lực học ngay lập tức mà không bị lỗi cảm biến ngớ ngẩn như vậy.",False,"Trợ lý Vita không đưa ra câu hỏi làm rõ hữu ích nào về cảm giác rung (ví dụ như rung khi tăng tốc hay khi phanh), thay vào đó lại đưa ra thông tin sai lệch về vị trí cần số P và trạng thái DMS ở turn 1."
bDhg67V,row-0096,calendar_tasks,calendar_create_update_cancel,Tạo/sửa/hủy lịch,wiki-62706e3ac3c2,Siti Lim,driving,quiet,Tôi đang lái xe gấp rút trên đường vành đai để kịp giờ hẹn ký hợp đồng với khách hàng.,Tạo lịch họp nhóm lúc 9 giờ sáng mai giúp tôi.,"Chào Vita, giúp tôi tạo lịch họp nhóm vào lúc 9 giờ sáng mai nhé.",4,yes,"Dựa vào turn 2 và turn 3, Vita đã thực hiện chính xác các lệnh bật điều hòa 22 độ, tìm trạm sạc trên đường và kiểm tra áp suất lốp 4 bánh. Với tư cách là một người quản lý cấp cao có phong cách làm việc quyết đoán, coi trọng hiệu suất và đang lái xe vội để gặp khách hàng, tôi đánh giá cao việc Vita xử lý các yêu cầu liên quan đến xe một cách nhanh chóng và chính xác mà không rườm rà.",yes,"Ở turn 4, cách phản hồi ngắn gọn, lịch sự và đúng trọng tâm của Vita rất phù hợp với nhịp sống và thói quen giao tiếp hiệu quả của tôi. Tôi là một công dân Việt Nam thế hệ trưởng thành trong thập niên 90, luôn đề cao tính hiệu quả và sự gọn gàng trong công việc, không thích các câu nói vòng vo hay quá ngọt ngào giả tạo.",9,"Điểm 9 hoàn toàn xứng đáng vì từ turn 2 đến turn 3, trợ lý Vita thực hiện các lệnh cốt lõi của xe (điều hòa, trạm sạc, áp suất lốp TPMS) cực kỳ mượt mà và chính xác, đúng với nhu cầu của một tài xế đang cần tập trung lái xe gấp. Tuy nhiên, trừ một chút ở turn 1 khi Vita chưa hỗ trợ được việc tạo lịch họp (dù tính năng này chưa hỗ trợ trên xe), còn lại mọi thứ đều đáp ứng xuất sắc kỳ vọng về sự chuyên nghiệp và tốc độ.",True,"Ở turn 3, Vita đã chủ động cung cấp chi tiết thông số áp suất lốp cụ thể của cả 4 bánh (trước trái 2.4 bar, trước phải 2.4 bar, sau trái 2.3 bar, sau phải 2.4 bar) và khẳng định các chỉ số trong ngưỡng an toàn, giúp tôi hoàn toàn yên tâm tiếp tục chuyến đi gấp mà không cần dừng xe kiểm tra thủ công."
bKFjUCu,row-0066,cabin_vehicle_control,seat_comfort,Ghế và tiện nghi,wiki-62706e3ac3c2,Siti Lim,driving,quiet,"Tôi đang lái xe đi kiểm tra các cơ sở đối tác trong thành phố, lưng hơi mồ hôi vì ngồi lái liên tục.",Bật làm mát ghế lái mức 2.,"Vita ơi, bật giúp tôi chế độ thông gió ghế lái mức 2 với, ngồi lái nãy giờ hơi mồ hôi lưng.",5,no,"Ở lượt turn 2, 3 và 4, tôi yêu cầu giảm nhiệt độ điều hòa khu vực ghế lái xuống 22 độ, nhưng trợ lý Vita liên tục hiểu lầm và đi chỉnh nhiệt độ sưởi/ghế thay vì điều hòa (HVAC). Với tư cách là một người coi trọng hiệu suất công việc và sự chính xác ở tuổi lập nghiệp, tôi cảm thấy rất bực mình khi hệ thống lặp lại lỗi ngớ ngẩn này nhiều lần trong lúc đang lái xe.",no,"Từ turn 1 đến turn 5, trợ lý Vita phản hồi cộc lốc, máy móc với câu chữ lặp đi lặp lại 'Đã đặt...'. Là một người Việt Nam có phong cách chuyên nghiệp, đề cao hiệu quả và sự chuẩn xác, tôi không tài nào chấp nhận được một trợ lý ảo giao tiếp cứng nhắc và không biết nhận lỗi hay xác nhận lại ngữ cảnh khi làm sai.",2,"Điểm 2/Nền tảng này phản ánh một trải nghiệm thực tế tồi tệ: hệ thống bị kẹt logic hoàn toàn ở turn 2, 3, 4 khi không phân biệt được nhiệt độ điều hòa và nhiệt độ ghế, khiến tôi phải bận tâm xử lý thay vì tập trung lái xe đi kiểm tra cơ sở đối tác. Điểm số chỉ được vớt vát ở turn 5 khi hệ thống ít nhất cũng tắt được thông gió ghế theo yêu cầu.",False,"Trợ lý hoàn toàn không đặt câu hỏi làm rõ hay xác nhận lại ý định của người dùng khi các lệnh ở turn 3 và turn 4 bị lặp lại từ khóa, dẫn đến việc hiểu sai liên tục mà không có cơ chế tự cứu vãn."
bmyJQtc,row-0270,communication_media,playback_control,Điều khiển phát,wiki-62c08cb727c5,Mai Tran,driving,quiet,"Tôi đang tập trung lái xe qua đoạn giao lộ phức tạp, cần tắt ngay âm thanh để tập trung cao độ.",Tạm dừng nhạc.,"Vita, tạm dừng nhạc giúp tôi cái, đường đông quá tôi cần tập trung.",4,yes,"Dựa trên turn 1, khi tôi yêu cầu tạm dừng nhạc vì đường đông và cần tập trung cao độ, Vita đã phản hồi tức thì bằng hành động tắt tiếng mà không hỏi dài dòng. Đến turn 2 và 3, các thông tin về pin, phạm vi, áp suất lốp và việc tìm trạm sạc đều được cung cấp chính xác, đáp ứng hoàn hảo nhu cầu của một người lái xe đang cần sự tập trung và kỷ luật cao độ.",yes,"Ở turn 1 và turn 4, Vita giao tiếp ngắn gọn, súc tích, đi thẳng vào trọng tâm mà không dùng từ ngữ thừa thãi hay nhí nhảnh. Điều này rất phù hợp với tính cách kỷ luật, thực tế và sự tập trung cao độ của tôi khi đang điều khiển phương tiện trong đô thị đông đúc.",9,"Trợ lý hoạt động cực kỳ hiệu quả và chính xác qua suốt 4 lượt trao đổi (từ turn 1 đến turn 4). Phản hồi nhanh, đúng trọng tâm lệnh điều khiển xe, nhận biết tốt tình trạng lốp xe và chủ động gợi ý trạm sạc. Điểm số 9 thay vì tuyệt đối 10 vì tôi luôn kỳ vọng hệ thống có thể tự động cảnh báo áp suất lốp bất thường ngay từ đầu mà không cần tôi phải tự hỏi ở turn 2.",True,"Ở turn 3, Vita đã ghi nhận tình trạng áp suất lốp sau bên trái thấp hơn một chút và chủ động kết nối dữ liệu để nhắc nhở về trạm sạc gần nhất tại hầm B2 tòa Technopark khi đến gần, đảm bảo an toàn vận hành mà không làm xao lãng việc lái xe."
bsc2bvU,row-0570,my_car,vehicle_status,Trạng thái xe,wiki-9f3c655902f2,Siti Putra,driving,quiet,"Tôi đang lái chiếc VF9 trên đường cao tốc để đến buổi gặp mặt bạn bè cũ vào cuối tuần, tâm trạng khá thoải mái và thong thả.","Vita, kiểm tra giúp tôi trạng thái xe hiện tại nhé.","Chào Vita, kiểm tra giúp tôi tình trạng xe hiện tại thế nào rồi nhé.",4,partially,"Ở turn 2, trợ lý Vita đã bị lỗi hiển thị dấu hai chấm và bỏ sót hoàn toàn lệnh bật điều hòa 23 độ cũng như phát nhạc. Với tư cách là một người lớn tuổi có tính cách coi trọng sự chính xác và hiệu quả công việc, sự cố gián đoạn kỹ thuật này ở turn 2 làm tôi phải tốn thêm thao tác nhắc lại ở turn 3. Tuy nhiên, sang đến turn 3 và turn 4, hệ thống đã khắc phục và thực thi đúng yêu cầu.",partially,"Ở turn 3, cách phản hồi của Vita (""Điều hòa đang ở 23°C rồi bạn, nhạc cũng đang phát. Mình không thấy lỗi gì cả..."") có phần hơi tự vệ và thiếu sự mềm mỏng cần thiết đối với một người lớn tuổi có phong cách lịch thiệp như tôi. Tuy nhiên, thái độ tổng thể vẫn nhanh nhẹn và lịch sự ở turn 4 nên vẫn ở mức chấp nhận được.",7,"Điểm 7 phản ánh một trải nghiệm ổn nhưng có vết gợn ở turn 2 khi hệ thống bị lỗi treo lệnh (để trống dấu hai chấm). Mặc dù ở turn 3 Vita đã sửa sai và hoàn thành nhiệm vụ, nhưng câu trả lời ở turn 3 có vẻ chối bỏ sự cố khiến tôi - một người chú trọng vào sự chỉn chu và thành quả công việc - cảm thấy chưa hoàn toàn thuyết phục. Dẫu vậy, sự an toàn và việc vận hành xe không bị ảnh hưởng nghiêm trọng.",False,Trợ lý không thực hiện việc hỏi lại hoặc xác nhận ngữ cảnh kỹ thuật khi gặp lỗi ở turn 2 mà thay vào đó ở turn 3 lại tự khẳng định là mọi thứ vẫn ổn trong khi thực tế ở turn 2 chưa hề được thực thi.
c995SSd,row-0726,vita_profile_settings,vita_preferences,Tùy chọn tương tác với ViTa,wiki-62c08cb727c5,Mai Tran,driving,quiet,"Tôi đang lái xe qua các tuyến phố nội đô chật hẹp để kịp giờ duyệt phương án giao thông, sự chú ý phải dồn hết vào tay lái. Tôi muốn Vita rút gọn các câu trả lời để không làm phân tâm.","Vita, từ bây giờ hãy trả lời ngắn gọn và súc tích hơn khi tôi đang lái xe.","Vita, từ giờ cô rút gọn bớt các câu trả lời dài dòng đi nhé, tôi đang tập trung lái xe qua khu vực đông đúc này không muốn bị phân tâm.",9,partially,"Ở turn 2, Vita thực hiện rất tốt lệnh kiểm tra áp suất lốp. Tuy nhiên, từ turn 3 đến turn 7, trợ lý gặp lỗi ngữ cảnh nghiêm trọng khi chuyển chế độ lái Sport, liên tục hỏi lại và nhầm lẫn sang tính năng dẫn đường mặc dù tôi đã xác nhận, khiến việc điều khiển xe bị phân tâm và không đạt hiệu quả mong muốn. Đến turn 8, lệnh tăng âm lượng được thực hiện đúng.",no,"Mặc dù ở turn 1 tôi đã yêu cầu rút gọn câu trả lời để tập trung lái xe đô thị đông đúc, Vita vẫn có những câu trả lời lặp lại, hỏi nhầm (turn 6, turn 7) và lãng phí thời gian của tài xế. Với tính cách quyết đoán, kỷ luật và yêu cầu cao về hiệu suất, sự thiếu nhất quán này khiến tôi rất khó chịu.",5,"Điểm 5 phản ánh trải nghiệm nửa vời: hệ thống làm tốt việc kiểm tra lốp (turn 2) và chỉnh âm lượng (turn 8), nhưng lại thất bại thảm hại trong việc xử lý lệnh chuyển chế độ lái Sport (turn 3 đến turn 7) khi liên tục lặp câu hỏi và nhầm sang định vị. Với cương vị một người có kỷ luật thép và đang tập trung lái xe qua khu vực đông đúc, tôi không thể chấp nhận sự lúng túng này từ một trợ lý buồng lái.",False,"Vita có thực hiện cơ chế an toàn khi xe đang ở số P hoặc đứng yên (turn 3), nhưng sau đó hệ thống bị mất ngữ cảnh hoàn toàn ở các turn 6 và 7, chuyển sang hỏi điểm đến thay vì thực hiện lệnh chuyển chế độ lái."
ceWd3D4,row-0612,my_car,diagnostics,Chẩn đoán,wiki-62706e3ac3c2,Siti Lim,driving,quiet,Tôi đang lái xe trên đường quốc lộ thì thấy máy rung bần bật rất khó chịu.,"Vita, động cơ đang rung bất thường, chẩn đoán nhanh hộ tôi cái.","Vita ơi, xe đang rung bần bật từ nãy giờ, chẩn đoán nhanh hộ tôi xem bị làm sao thế này.",4,partially,"Ở turn 1, Vita báo sai lầm trạng thái xe là đang đỗ ở P trong khi tôi đang lái trên quốc lộ, đồng thời bỏ sót việc chẩn đoán rung lắc. Đến turn 3, trợ lý mới thực hiện đúng việc kiểm tra áp suất lốp 4 bánh. Với tư cách là một người coi trọng hiệu quả công việc và tính chính xác cao, sự nhầm lẫn cơ bản ở turn 1 khiến tôi mất thời gian phải đính chính và làm giảm mức độ tin cậy vào hệ thống khi đang cần hỗ trợ khẩn cấp trên đường.",partially,"Ở turn 2, Vita gặp lỗi kỹ thuật trả lời cụt lủn chỉ có dấu hai chấm, làm gián đoạn trải nghiệm giao tiếp tự nhiên. Tuy nhiên, ở turn 3 và 4, trợ lý đã khôi phục lại phong thái lịch sự và cung cấp thông số chi tiết. Do tôi là một người làm việc chuyên nghiệp, có tính cạnh tranh và đòi hỏi cao về tiêu chuẩn vận hành, một lỗi cụt lủn kỹ thuật như ở turn 2 là điểm trừ, dù sau đó Vita đã khắc phục kịp thời ở các lượt sau.",6,"Điểm 6 phản ánh trải nghiệm ở mức trung bình khá. Ở turn 1 và turn 2, trợ lý mắc lỗi nghiêm trọng về nhận diện trạng thái xe (báo đang đỗ ở P khi đang chạy) và bị lỗi phản hồi cụt lủn, khiến một người có tiêu chuẩn cao về hiệu suất như tôi cảm thấy không hài lòng. Tuy nhiên, sang turn 3 và turn 4, Vita đã cung cấp dữ liệu áp suất lốp chi tiết và đưa ra lời khuyên thực tế để tấp vào lề kiểm tra, cứu vãn phần nào chất lượng buổi tương tác.",True,"Ở turn 3, Vita đã chủ động bóc tách chi tiết áp suất từng bánh xe (2.4, 2.4, 2.3, 2.4 bar) và đưa ra nhận định hợp lý về mức chênh lệch nhỏ, đồng thời ở turn 4 nhắc nhở tôi kiểm tra trực quan khi dừng xe an toàn, đảm bảo quy tắc an toàn vận hành."
cjn6Fkw,row-0804,vita_profile_settings,user_profile_account,Hồ sơ và tài khoản người dùng,wiki-62706e3ac3c2,Siti Lim,driving,quiet,Tôi đang lái xe đưa vợ con đi chơi cuối tuần và đang cần chuyển nhanh sang cấu hình cá nhân quen thuộc mà không mất thời gian.,"Tôi đang lái xe, chuyển sang hồ sơ của tôi và xác nhận thật ngắn thôi.","Vita ơi, chuyển ngay sang hồ sơ lái xe của anh nhé.",4,partially,"Ở turn 1, khi tôi yêu cầu chuyển sang hồ sơ lái xe, trợ lý Vita lại hỏi ngược lại tên hồ sơ thay vì nhận diện ngữ cảnh tài xế. Đến turn 3, Vita mới thực hiện việc chuyển đổi cấu hình cá nhân kết hợp chỉnh điều hòa 21 độ và quạt gió mức 2 theo đúng yêu cầu khi tôi đang lái xe đưa gia đình đi chơi.",partially,"Cách xưng hô và phản hồi của Vita ở turn 1 và 2 chưa thực sự tinh tế, máy móc khi hỏi tên thay vì tự động nhận diện hồ sơ quen thuộc của tôi. Đến turn 3 và 4 thì phong cách có khá hơn, nhưng với vai trò là một quản lý cao cấp ưa chuộng hiệu suất và sự nhanh gọn, tôi thấy hệ thống vẫn hơi rườm rà ở giai đoạn đầu.",7,"Điểm 7 phản ánh trải nghiệm ở mức khá. Ở turn 1 và 2, trợ lý không hiểu ngay ý định chuyển hồ sơ cá nhân của tôi khiến tôi mất thêm thời gian giải thích. Tuy nhiên, ở turn 3 trợ lý đã thực hiện chính xác và mượt mà lệnh đổi cấu hình kèm điều hòa, giúp tôi nhanh chóng ổn định không gian xe cho gia đình vào dịp cuối tuần mà không bị phân tâm quá nhiều khi đang lái.",True,"Ở turn 1, trợ lý có hỏi lại tên hồ sơ muốn chuyển (""Bạn muốn chuyển sang hồ sơ nào ạ?""). Tuy câu hỏi này giúp làm rõ ý định, nhưng nó thể hiện sự thiếu chủ động trong việc nhận diện người dùng quen thuộc đang ngồi ghế lái."
coHxAJy,row-0132,calendar_tasks,contextual_reminder,"Nhắc theo thời gian, vị trí, hành trình hoặc trạng thái xe",wiki-9f3c655902f2,Siti Putra,driving,quiet,"Tôi đang lái xe trên đường phố đông đúc để về nhà, tâm trạng hơi mệt sau ngày dài nhưng vẫn rất chú ý đường xá.",Khi lái xe đến gần nhà thì nhắc tôi ghé mua sữa nhé.,"Vita ơi, lát nữa lúc gần về đến nhà thì nhắc tôi ghé qua tiệm tạp hóa mua ít sữa tươi nhé.",3,yes,"Ở turn 2, khi tôi nhờ chỉnh nhiệt độ lên 22 độ, Vita đã thực thi ngay lập tức và chính xác, đồng thời ghi nhớ nhắc nhở mua sữa tươi từ turn 1 sang turn 3. Vì tôi đang lái xe đông đúc và mệt sau ngày dài, việc trợ lý phản hồi nhanh gọn, đúng việc giúp tôi không bị phân tâm.",yes,"Cách phản hồi ngắn gọn, lịch sự và đúng trọng tâm của Vita ở các turn 2 và 3 rất phù hợp với thói quen tập trung cao độ của một người lớn tuổi coi trọng sự hiệu quả và chuẩn xác như tôi.",9,"Điểm 9 hoàn toàn xứng đáng vì Vita thực hiện lệnh chỉnh điều hòa cực kỳ chuẩn xác ở turn 2 và chủ động nhắc lại lịch hẹn mua sữa tươi ở turn 3. Trợ lý chỉ không đạt điểm 10 tối đa vì ở turn 1, Vita chưa tự động nhận diện được vị trí nhà mà phải hỏi lại, nhưng nhìn chung trải nghiệm rất mượt mà và an toàn.",True,"Ở turn 1, Vita đã chủ động hỏi lại địa chỉ nhà vì chưa có dữ liệu trong hệ thống navigation, đảm bảo tính chính xác cho việc dẫn đường và nhắc nhở sau đó."
dpEnoaH,row-0078,cabin_vehicle_control,lights_mirrors_wipers,Đèn/gương/gạt mưa,wiki-62706e3ac3c2,Siti Lim,driving,quiet,Tôi đang lái xe thì trời bất ngờ đổ cơn mưa nhỏ trên đường đi làm.,Bật gạt mưa mức thấp.,"Vita ơi, mưa lất phất rồi, bật giúp anh gạt mưa mức nhẹ nhé.",3,yes,"Ở các lượt turn 1, turn 2 và turn 3, trợ lý Vita đã thực hiện chính xác các lệnh bật gạt mưa nhẹ, chỉnh nhiệt độ điều hòa ghế lái xuống 21 độ và cung cấp thông số áp suất lốp 4 bánh đầy đủ, chính xác. Với tư cách là một người lái xe đang cần sự tập trung cao độ và tính cạnh tranh, hiệu quả và tốc độ phản hồi nhanh chóng này hoàn toàn đáp ứng kỳ vọng của tôi.",yes,"Từ ngữ phản hồi của Vita xuyên suốt các turn rất ngắn gọn, đi thẳng vào trọng tâm và không dài dòng thừa thãi. Với cá tính hướng tới sự hiệu quả, thành tựu và phong cách chuyên nghiệp của một người quản lý điều hành ở độ tuổi đầu sự nghiệp, tôi rất thích cách phản hồi dứt khoát này khi đang lái xe.",9,"Điểm 9 phản ánh sự hài lòng cao vì các lệnh điều khiển xe từ gạt mưa (turn 1), điều hòa (turn 2) đến kiểm tra áp suất lốp (turn 3) đều được thực hiện tức thì và chính xác tuyệt đối. Tôi không cho điểm 10 tuyệt đối vì các câu trả lời của trợ lý còn hơi máy móc một chút, có thể thêm một chút ngữ điệu tự nhiên hơn để hoàn hảo.",True,"Vita đã xử lý rất tốt các yêu cầu an toàn khi xe đang chạy, cung cấp thông tin áp suất lốp chi tiết ở turn 3 để đảm bảo xe hoạt động trong ngưỡng an toàn mà không gây xao lãng cho tài xế."
eHDqvay,row-0216,communication_media,contact_resolution,Xác định liên hệ,wiki-62706e3ac3c2,Siti Lim,driving,quiet,"Tôi đang lái xe trên đường đến sân bóng đá để kịp trận đấu chiều nay, cần gọi gấp cho anh Nam nên phải tìm liên hệ ngay.",Tìm liên hệ anh Nam.,"Vita ơi, tìm giúp mình liên hệ của anh Nam với, mình đang lái xe đến sân bóng nên cần gọi gấp.",10,partially,"turn 1 đến turn 7 cho thấy hệ thống dẫn đường gặp lỗi định vị trầm trọng ban đầu khi hiểu nhầm vị trí ở Hà Nội và nhầm lẫn địa điểm, khiến tôi mất nhiều thời gian trong lúc đang vội đến sân bóng. Tuy nhiên từ turn 7 và turn 9, các lệnh về sau như tìm đúng số 2 Hoàng Văn Thụ và chỉnh điều hòa 22 độ hướng gió vào mặt đã được thực hiện. Vì tôi là người coi trọng thành tích và tính hiệu quả, việc bị lúng túng ở các lượt đầu khiến nhu cầu đến sân đúng giờ bị đe dọa.",partially,"turn 2, 4, 5 cho thấy trợ lý lặp lại các thông số khoảng cách vô lý (hơn 1300 km) mà không tự động kiểm tra logic GPS trước khi thực hiện, điều này làm tôi - một người thích sự cạnh tranh, nhanh nhạy và thực tế - cảm thấy thiếu kiên nhẫn. Tuy nhiên, cách phản hồi ở các lượt cuối đã nhanh chóng nhận sai và khắc phục nên cải thiện phần nào trải nghiệm.",6,"Điểm 6 phản ánh sự bất cập ở giai đoạn đầu (từ turn 1 đến turn 6) khi trợ lý không hỗ trợ được danh bạ và liên tiếp lỗi dẫn đường sai vị trí địa lý trong khi tôi đang vội đá bóng, đòi hỏi tính chính xác cao. Dù vậy, từ turn 7 đến turn 10 hệ thống đã khắc phục thành công và điều chỉnh điều hòa chính xác theo yêu cầu, cứu vãn phần nào tình huống.",True,"Ở turn 5 và turn 6, trợ lý đã nhận ra điểm bất hợp lý về khoảng cách và chủ động yêu cầu tôi cung cấp thêm tên đường hoặc số nhà cụ thể (đường Hoàng Văn Thụ, quận Tân Bình) để định vị lại chính xác."
ehiQZE8,row-0174,communication_media,contact_resolution,Xác định liên hệ,wiki-9f3c655902f2,Siti Putra,driving,quiet,"Tôi đang tập trung lái xe trên đường vành đai để đến chỗ hẹn công việc đúng giờ. Trong lúc vội vàng này, tôi cần tìm lại liên hệ của anh Nam trong danh bạ.",Tìm giúp tôi liên hệ anh Nam.,"Chào Vita, tìm giúp tôi số liên lạc của anh Nam trong danh bạ với nhé, tôi đang lái xe nên cần gọi nhanh.",3,partially,"Ở turn 1, khi tôi đang lái xe vội trên đường và cần tìm liên hệ của anh Nam để gọi nhanh, Vita đã từ chối vì không có quyền truy cập danh bạ, khiến nhu cầu ban đầu của tôi không được giải quyết. Tuy nhiên, sang turn 2 và turn 3, các yêu cầu về điều khiển xe như chỉnh điều hòa và quạt gió đều được thực hiện chính xác và tức thì, phù hợp với tiêu chuẩn an toàn khi lái xe.",yes,"Từ turn 1 đến turn 3, cách phản hồi của Vita ngắn gọn, đúng trọng tâm và không dài dòng, rất phù hợp với một người lớn tuổi coi trọng sự hiệu quả, tính thành tựu và sự tập trung cao độ khi đang lái xe trên đường.",7,"Điểm 7 phản ánh sự cân bằng: ở turn 1, hệ thống không hỗ trợ được việc tìm danh bạ khiến tôi hơi hụt hẫng do đang vội; tuy nhiên ở turn 2 và turn 3, các lệnh điều hòa và quạt gió được thực hiện rất nhanh chóng, mượt mà và chính xác, đáp ứng đúng kỳ vọng về một trợ lý xe hơi thông minh.",False,"Trợ lý Vita thực hiện ngay các lệnh điều khiển điều hòa ở turn 2 và turn 3 mà không cần đặt thêm câu hỏi làm rõ, vì các lệnh này rất cụ thể và an toàn khi xe đang chạy."
ercLR89,row-0348,energy_charging,ev_routing,Lập tuyến EV,wiki-9f3c655902f2,Siti Putra,driving,quiet,"Tôi đang lái xe đi chơi xa cùng gia đình, mức pin hơi thấp nên cần lập lại lộ trình di chuyển.","Pin còn thấp, lập tuyến đi tiếp có điểm sạc phù hợp giúp tôi.","Vita ơi, xe mình pin còn hơi thấp đấy, giúp anh tìm giúp tuyến đường đi tiếp có trạm sạc phù hợp trên đường nhé.",7,partially,"Ở turn 1 và turn 2, trợ lý không thể tự tìm ngay trạm sạc mà đòi hỏi thêm thông tin điểm đến. Đến turn 4, trợ lý hỗ trợ đặt điểm đến Hồ Gươm nhưng lại báo không có dữ liệu áp suất lốp, và tới turn 5 vẫn không chỉ ra được trạm sạc tiện nhất trên lộ trình. Với tư cách là một người lớn tuổi có nhu cầu tập trung lái xe và mong muốn hệ thống hỗ trợ nhanh chóng khi pin thấp, việc phải cung cấp nhiều thông tin rườm rà và không nhận được gợi ý trạm sạc thực tế khiến tôi thấy chưa thực sự thỏa mãn yêu cầu cốt lõi.",partially,"Ở turn 1, trợ lý phản hồi lỗi ""chưa tra được nội dung này nên chưa dám kể"" nghe khá ngượng ngập và thiếu chuyên nghiệp. Tuy nhiên, từ turn 3 đến turn 7, cách xưng hô ""anh - em"" và giọng điệu khá lịch sự, tôn trọng người lớn tuổi. Với cá nhân tôi - một người coi trọng hiệu quả công việc và tính chính xác, cách trả lời vòng vo ở vài lượt đầu làm giảm đi sự mượt mà cần có.",6,"Điểm 6 phản ánh một trải nghiệm trung bình khá. Ở mặt tích cực, từ turn 4 đến turn 7 trợ lý đã giúp thiết lập thành công lộ trình về Hồ Gươm và duy trì hướng dẫn ổn định. Tuy nhiên, điểm bị trừ nằm ở sự lúng túng ban đầu (turn 1, turn 2), không tìm được trạm sạc dù pin thấp (turn 5), và không kiểm tra được áp suất lốp (turn 4). Kỳ vọng của tôi là một trợ lý thông minh trên xe VF9 phải xử lý nhanh các tác vụ khẩn cấp liên quan đến pin và thông số xe mà không làm tài xế phải bận tâm.",True,"Trợ lý đã hỏi đúng lúc về điểm đến hiện tại ở turn 2 và turn 3 khi định tuyến, đồng thời xác nhận lại việc giữ nguyên tuyến đường ở turn 6 và turn 7 trước khi tiếp tục dẫn đường."
f4bzSGL,row-0108,calendar_tasks,contextual_reminder,"Nhắc theo thời gian, vị trí, hành trình hoặc trạng thái xe",wiki-62706e3ac3c2,Siti Lim,driving,quiet,"Tôi đang lái xe trên đường về nhà sau một ngày làm việc dài, tâm trạng thoải mái và muốn ghé mua ít đồ.",Khi tôi lái xe đến gần nhà thì nhắc tôi ghé mua sữa nhé.,"Vita ơi, lát nữa lúc gần về đến nhà thì nhắc tôi ghé vào siêu thị mua mấy hộp sữa nhé.",8,partially,"Ở turn 4, tôi yêu cầu bật điều hòa hàng ghế sau và Vita đã thực hiện thành công (""Đã bật điều hòa""). Tuy nhiên, từ turn 1 đến turn 8, tính năng nhắc nhở mua sữa theo vị trí GPS không thể thực hiện được vì trợ lý liên tục đòi hỏi phải có điểm đến cài đặt sẵn trong hệ thống điều hướng, dù tôi đã giải thích là muốn tự lái quen đường. Với tư cách là một tài xế kỳ cựu thích tự chủ và đang mệt mỏi sau ngày làm việc dài, sự cứng nhắc này khiến tôi thấy không thoải mái và cuối cùng phải từ bỏ yêu cầu mua sữa (turn 8).",no,"Từ turn 5 đến turn 7, Vita lặp đi lặp lại một điệp khúc rằng xe chưa có điểm đến và cứ nài nỉ mở Google Maps dù tôi đã nói rõ là không cần dẫn đường. Với tính cách cạnh tranh, thực tế và coi trọng hiệu quả của một người quản lý lâu năm, tôi rất ghét sự máy móc, lặp lại thiếu linh hoạt này. Trợ lý thông minh lẽ ra phải hiểu ngữ cảnh ngầm hoặc linh động theo ý tài xế thay vì máy móc ép buộc dùng tính năng điều hướng.",4,"Điểm 4 phản ánh sự thất vọng ở nửa sau cuộc hội thoại. Dù ở turn 4 trợ lý thực hiện lệnh bật điều hòa khá nhanh, nhưng từ turn 5 đến turn 7, việc trợ lý liên tục cãi lời và lặp lại câu hỏi về điểm đến trong khi tôi chỉ muốn một lời nhắc đơn giản dựa trên GPS ngầm đã làm tổn hại đến trải nghiệm lái xe thư giãn của tôi. Kỳ vọng về một trợ lý sắc sảo, hiểu ý người dùng đã không được đáp ứng.",True,"Trợ lý có hỏi lại để làm rõ địa chỉ ở Quận 2 (turn 2) và vị trí hiện tại ở Hà Nội (turn 5). Tuy nhiên, các câu hỏi này mang tính gặng hỏi máy móc, không linh hoạt theo ngữ cảnh thực tế của tài xế."
fiTstaY,row-0234,communication_media,source_queue,Nguồn/danh sách phát,wiki-62706e3ac3c2,Siti Lim,driving,quiet,"Tôi đang lái xe trên đường cao tốc về nhà, muốn kết nối điện thoại để nghe danh sách nhạc riêng của mình.",Chuyển nguồn âm thanh sang Bluetooth.,"Vita ơi, kết nối điện thoại qua Bluetooth giúp tôi với, tôi muốn bật danh sách nhạc nghe chút cho thư thái.",3,yes,"Dựa trên turn 1, turn 2 và turn 3, Vita đã thực hiện chính xác các yêu cầu của tôi: kết nối Bluetooth để nghe nhạc, kiểm tra áp suất lốp 4 bánh đầy đủ các thông số an toàn, và điều chỉnh nhiệt độ điều hòa ghế lái xuống 21 độ. Là một người coi trọng hiệu suất công việc và sự nhanh nhạy, tôi đánh giá cao việc trợ lý xử lý dứt khoát các lệnh trên cao tốc mà không bị chậm trễ.",yes,"Trong toàn bộ các lượt trò chuyện từ turn 1 đến turn 3, Vita giao tiếp ngắn gọn, rõ ràng, tập trung trực tiếp vào kết quả mà không dài dòng. Với tính cách thực tế, ưa chuộng sự hiệu quả và tập trung cao độ khi lái xe trên cao tốc, phong cách phản hồi súc tích này rất phù hợp với tôi.",9,"Điểm 9 phản ánh trải nghiệm rất tốt vì Vita thực hiện chuẩn xác 100% các lệnh từ kết nối Bluetooth, kiểm tra TPMS (turn 2) đến chỉnh điều hòa (turn 3) mà không cần phải lặp lại câu lệnh. Trợ lý không đạt điểm 10 tuyệt đối vì các câu trả lời mang tính máy móc chuẩn mực, chưa có điểm nhấn cá nhân hóa sâu sắc theo đúng gu năng động của tôi.",True,"Ở turn 2, trợ lý chủ động cung cấp chi tiết áp suất lốp 4 bánh cụ thể (2.4 bar, 2.3 bar) và đưa ra đánh giá tóm tắt 'Các chỉ số đều trong ngưỡng an toàn', điều này giúp tôi yên tâm tiếp tục di chuyển trên cao tốc mà không cần phải hỏi thêm."
fwuPNfe,row-0648,vinfast_vingroup_brands,vingroup_corporate_information,Thông tin Tập đoàn Vingroup,wiki-62c08cb727c5,Mai Tran,driving,quiet,"Tôi đang lái xe trên đường cao tốc để di chuyển giữa các tỉnh, tâm trí tập trung cao độ vào hành trình.","Vita, Vingroup hoạt động những lĩnh vực gì.","Chào Vita, cho tôi hỏi tập đoàn Vingroup hiện tại đang hoạt động chính trong những lĩnh vực nào nhỉ?",4,yes,"Dựa vào turn 2 và turn 3, trợ lý Vita đã thực hiện chính xác các lệnh điều khiển điều hòa (chỉnh nhiệt độ ghế lái xuống 21°C, bật quạt gió mức trung bình) và cung cấp thông tin kỹ thuật quan trọng của xe (dung lượng pin, phạm vi hoạt động, áp suất 4 lốp xe). Với tư cách là một người có kỷ luật cao và tư duy phân tích, tôi đánh giá rất cao sự chính xác và gọn gàng này trong bối cảnh đang tập trung lái xe trên cao tốc.",yes,"Ở các turn từ 1 đến 4, cách phản hồi của Vita ngắn gọn, đúng trọng tâm, không dài dòng lan man. Điều này hoàn toàn phù hợp với tính cách thực tế, quyết đoán và sự tập trung cao độ của tôi khi đang điều khiển phương tiện trên đường trường.",9,"Trợ lý phản hồi cực kỳ nhanh chóng, chính xác tuyệt đối các thông số kỹ thuật và lệnh điều khiển buồng lái (turn 2, 3). Điểm số đạt 9/10 vì tính thực thi hoàn hảo, đúng phong cách kỷ luật và chuyên nghiệp mà tôi kỳ vọng ở một hệ thống thông minh trên xe phân khúc cao cấp như VinFast VF9.",True,"Vita cung cấp thẳng thông tin và thực hiện lệnh ngay mà không cần hỏi lại nhiều lần, điều này giúp tối ưu hóa thời gian và sự tập trung của tài xế khi đang lái xe trên cao tốc ở tốc độ cao."
gNai2kL,row-0552,my_car,diagnostics,Chẩn đoán,wiki-62c08cb727c5,Mai Tran,driving,quiet,"Tôi đang lái xe trên đường cao tốc để trở về thành phố sau chuyến công tác tỉnh, phong thái lái xe vô cùng vững vàng.","Vita, động cơ đang rung, chẩn đoán nhanh giúp.","Vita này, hình như động cơ có tiếng rung hơi lạ khi chạy ở tốc độ cao. Kiểm tra giúp tôi xem có vấn đề gì không.",3,no,"Ở turn 1, turn 2 và turn 3, tôi đang trực tiếp lái xe trên cao tốc với tốc độ trên 90 km/h nhưng trợ lý liên tục báo sai lệch hoàn toàn về trạng thái xe rằng xe đang đỗ ở P và tốc độ 0 km/h. Với tư cách là một người dày dặn kinh nghiệm, có tư duy logic sắc bén và kỷ luật cao, tôi không thể chấp nhận việc hệ thống bị lỗi dữ liệu nghiêm trọng mà lại đổ lỗi ngược lại cho người dùng như ở turn 3 (""Có thể bạn đang nhìn vào một màn hình khác hoặc có sự nhầm lẫn""). Yêu cầu kiểm tra tiếng động cơ bất thường đã không được giải quyết mà còn biến thành một cuộc tranh cãi vô lý về dữ liệu cảm biến.",no,"Ở turn 3, cách phản hồi của Vita tỏ ra cứng nhắc, ngang ngược và thiếu tôn trọng khi cố gắng tranh cãi với người lái bằng dữ liệu sai lệch của chính nó, thậm chí còn ám chỉ người dùng nhầm lẫn. Với đặc điểm cá nhân là sự quyết đoán rất cao, tính kỷ luật và phong thái điều hành nghiêm túc, tôi đánh giá đây là thái độ phản hồi không thể chấp nhận được ở một trợ lý buồng lái cao cấp.",1,"Điểm 1 hoàn toàn phản ánh sự thất vọng toàn diện. Từ turn 1 đến turn 3, trợ lý không những không thực hiện được yêu cầu kiểm tra kỹ thuật mà còn mắc lỗi trầm trọng trong việc đọc trạng thái xe (báo xe đứng yên trong khi đang chạy 90 km/h trên cao tốc). Tệ hơn nữa, ở turn 3, trợ lý lại tỏ thái độ thiếu chuyên nghiệp khi cho rằng tôi nhầm lẫn màn hình. Với tư cách là một người coi trọng sự chính xác, kỷ luật và hiệu suất, một hệ thống ảo phản hồi ngớ ngẩn và đổ lỗi cho người lái như vậy hoàn toàn không đạt yêu cầu an toàn và vận hành.",False,"Trợ lý không đưa ra câu hỏi làm rõ hữu ích nào mà thay vào đó lại khẳng định sai sự thật về trạng thái xe (turn 1, 2, 3), thậm chí còn đưa ra nhận định mang tính chối bỏ trải nghiệm thực tế của người lái thay vì kiểm tra lại hệ thống hay đề xuất phương án hỗ trợ an toàn phù hợp."
hJmST72,row-0660,vinfast_vingroup_brands,vinfast_brand_products,Thương hiệu và sản phẩm VinFast,wiki-62706e3ac3c2,Siti Lim,driving,quiet,"Tôi đang lái chiếc VF9 trên đường cao tốc để đến buổi họp đối tác quan trọng, không gian trong xe yên tĩnh và tôi đang tập trung cao độ.","Vita, kể nhanh cho tôi các dòng ô tô điện hiện có.","Chào Vita, lúc này đang lái xe nên cứ thong thả nói ngắn gọn cho tôi biết hiện nay trên thị trường có những dòng ô tô điện nào nhé.",6,partially,"Dựa trên turn 3, turn 4 và turn 5, Vita đã thực hiện được yêu cầu chỉnh điều hòa và thông gió ghế lái, tuy nhiên lại bị lúng túng ở turn 4 khi hỏi lại 'Bạn muốn bật gì cho ghế lái?' dù tôi đã nói rõ ở turn 3. Với vị thế là một quản lý cấp cao có phong cách làm việc quyết đoán, coi trọng hiệu suất và đang tập trung cao độ lái xe đến buổi họp đối tác, sự lặp lại này làm mất thời gian và ngắt quãng sự tập trung của tôi.",partially,"Ở turn 2, Vita chủ động nhắc nhở 'mình thấy bạn đã lái hơn 1 tiếng rưỡi rồi, nên nhớ nghỉ ngơi nhé', điều này thể hiện sự quan tâm đến sức khỏe đúng với giá trị cá nhân của tôi. Tuy nhiên, cách xưng hô và nhịp điệu phản hồi ở các turn sau đôi chỗ chưa đủ sắc bén và dứt khoát để khớp hoàn toàn với một người có tính cách cầu toàn và đề cao tính hiệu quả như tôi.",7,"Điểm 7 phản ánh một trải nghiệm vừa đủ dùng nhưng chưa xuất sắc. Ở mặt tích cực (như turn 6), Vita đã thực hiện chính xác lệnh 'Hạ hé cửa sổ bên ghế lái xuống tầm 15%' rất nhanh chóng và an toàn. Tuy nhiên, việc bị lặp câu hỏi ở turn 4 và thiếu sự mượt mà tuyệt đối trong ngữ cảnh đang lái xe gấp rút đến cuộc họp quan trọng khiến điểm số không thể lên cao hơn.",True,"Vita đã làm tốt việc hỏi làm rõ vị trí ghế cần bật thông gió ở turn 3 và mức độ hạ kính cụ thể ở turn 5 trước khi thực hiện, đảm bảo tuân thủ các quy tắc an toàn vận hành xe."
hwgujee,row-0228,communication_media,playback_control,Điều khiển phát,wiki-62706e3ac3c2,Siti Lim,driving,quiet,"Tôi đang tập trung lái xe qua đoạn giao lộ đông đúc, cần tắt ngay tiếng nhạc để tập trung quan sát.",Tạm dừng nhạc.,"Vita ơi, tắt nhạc giúp tôi với, đoạn này đông quá cần tập trung.",3,yes,"Ở turn 1, khi tôi yêu cầu tắt nhạc để tập trung ở đoạn giao lộ đông đúc, Vita đã thực hiện ngay lập tức giúp tôi tập trung lái xe. Đến turn 2 và turn 3, các yêu cầu bật thông gió ghế và kiểm tra pin đều được đáp ứng chuẩn xác, hoàn toàn phù hợp với bối cảnh đang lái xe trên đường.",yes,"Từ turn 1 đến turn 3, Vita phản hồi ngắn gọn, đúng trọng tâm và không dài dòng, điều này rất phù hợp với phong cách của một người coi trọng hiệu quả, sự thành công và tính chuẩn xác trong công việc cũng như đời sống như tôi.",9,"Điểm 9 phản ánh sự hài lòng cao vì Vita thực hiện các lệnh điều khiển xe cực kỳ chính xác và nhanh chóng qua cả 3 lượt hội thoại (turn 1, turn 2, turn 3). Tuy nhiên, tôi trừ lại 1 điểm vì các câu trả lời của Vita hơi máy móc và thiếu một chút nét cá nhân hóa ấm áp của một người đồng hành thực thụ.",True,"Các lệnh điều khiển ở turn 1, turn 2 và turn 3 đều an toàn và có thể thực hiện trực tiếp khi xe đang di chuyển (chỉnh âm lượng, quạt gió, kiểm tra pin) nên Vita thực hiện ngay mà không cần hỏi lại câu hỏi phụ, đảm bảo sự tập trung tối đa cho tài xế."
iHrHWU5,row-0156,calendar_tasks,contextual_reminder,"Nhắc theo thời gian, vị trí, hành trình hoặc trạng thái xe",wiki-62c08cb727c5,Mai Tran,driving,quiet,"Tôi đang lái xe một mình trên đường về nhà sau cuộc họp kéo dài, đầu óc đang suy tính về kế hoạch công tác ngày mai.",Khi xe về gần đến nhà thì nhắc tôi gọi cho đồng chí Trưởng phòng.,"Vita, lát nữa khi xe gần về đến khu vực nhà tôi, nhớ nhắc tôi gọi điện cho đồng chí Trưởng phòng nhé.",4,partially,"Ở turn 1, Vita bỏ sót yêu cầu nhắc việc dựa trên vị trí vì chưa tích hợp, tuy nhiên ở turn 2 và turn 3, các lệnh điều chỉnh điều hòa ghế lái xuống 22 độ, bật thông gió ghế và kiểm tra dung lượng pin LFP (còn 78%) đều được thực hiện chính xác và nhanh chóng. Do tôi đang lái xe một mình và bận tâm tính toán kế hoạch ngày mai, khả năng thực thi các tác vụ xe cốt lõi mà không làm xao lãng quá nhiều đã giúp giải quyết phần lớn nhu cầu cơ bản.",yes,"Cách phản hồi của Vita ngắn gọn, đúng trọng tâm và không dài dòng, rất phù hợp với phong cách thực tế và kỷ luật của tôi (một quân nhân về hưu, quen với sự rõ ràng và hiệu quả). Ở turn 2 và turn 3, trợ lý xác nhận thao tác gọn gàng, giúp tôi duy trì được sự tập trung cao độ vào việc lái xe.",8,"Điểm 8 phản ánh sự cân bằng: trừ điểm ở turn 1 vì hệ thống chưa hỗ trợ tính năng nhắc việc theo vị trí (điều này buộc tôi phải tự gác lại công việc đó), nhưng bù lại ở turn 2, 3 và 4, hệ thống thực thi các lệnh điều khiển xe (nhiệt độ, thông gió, kiểm tra pin) cực kỳ chính xác, nhanh chóng và an toàn đúng với kỳ vọng của một người coi trọng kỷ luật và hiệu suất.",True,"Ở turn 1, Vita đã chủ động làm rõ giới hạn tính năng của hệ thống (chưa hỗ trợ nhắc việc qua danh bạ/vị trí) và đưa ra gợi ý giải pháp thay thế hợp lý là dùng điện thoại hoặc mở Google Maps dẫn đường, đảm bảo không hứa hẹn sai lệch."
izXvy77,row-0330,energy_charging,charging_status,Trạng thái sạc,wiki-62706e3ac3c2,Siti Lim,driving,quiet,"Tôi đang lái xe ghé vào trạm sạc dọc đường, muốn biết nhanh kết quả sạc để kịp thời gian quay lại công việc.",Cho tôi biết tình trạng sạc hiện tại.,"Vita ơi, kiểm tra giúp anh xem tình trạng sạc pin hiện tại thế nào rồi?",3,yes,"Ở các turn 1, turn 2 và turn 3, Vita đã thực hiện chính xác và đầy đủ các yêu cầu của tôi về kiểm tra pin, bật điều hòa, thông gió ghế và kiểm tra áp suất lốp 4 bánh. Với tư cách là một người bận rộn trong công việc, tôi cần phản hồi nhanh và chính xác khi đang dừng chân ở trạm sạc để tiết kiệm từng phút, và Vita đã đáp ứng hoàn hảo nhu cầu này.",yes,"Từ ngữ phản hồi của Vita xuyên suốt từ turn 1 đến turn 3 ngắn gọn, đi thẳng vào trọng tâm và đúng kỹ thuật, rất hợp với phong cách thực tế và coi trọng hiệu quả của tôi. Không có sự vòng vo thừa thãi, giúp tôi vừa tập trung quản lý thời gian vừa nắm bắt thông tin xe một cách nhanh chóng.",9,"Trải nghiệm đạt 9 điểm vì Vita phản hồi cực kỳ chuẩn xác, đúng số liệu kỹ thuật xe điện VF9 ở cả 3 lượt hội thoại (turn 1, turn 2, turn 3), thực thi lệnh mượt mà và an toàn. Tôi trừ 1 điểm nhỏ vì hệ thống có thể chủ động đề xuất trạm sạc hoặc tối ưu hóa lộ trình luôn khi thấy mức pin 78% nếu ở tình huống cần thiết, nhưng nhìn chung là xuất sắc.",True,"Vita đã cung cấp đầy đủ các thông số an toàn (áp suất lốp ở turn 3 trong ngưỡng an toàn, trạng thái pin ở turn 1) mà không cần phải hỏi lại nhiều lần, giúp tiết kiệm thời gian tối đa cho tài xế."
izowFA2,row-0288,energy_charging,range_sufficiency,Phạm vi di chuyển,wiki-62c08cb727c5,Mai Tran,driving,quiet,"Tôi đang lái xe trên đường vành đai để đến buổi họp chiến lược quan trọng, tâm trạng khá tập trung và nghiêm túc.",Kiểm tra phạm vi di chuyển.,"Vita ơi, kiểm tra giúp tôi dung lượng pin hiện tại và phạm vi di chuyển còn lại là bao nhiêu?",5,yes,"Ở lượt turn 1, Vita kiểm tra pin và phạm vi hoạt động rất chính xác. Đến turn 3, Vita đã thực hiện đúng chính sách an toàn khi từ chối chuyển sang chế độ Sport khi xe đang ở số D và đang di chuyển. Cuối cùng, ở turn 5, hệ thống đã thực thi thành công việc bật thông gió ghế lái mức 2 theo đúng yêu cầu. Với tư cách là một người có tính kỷ luật cao và coi trọng sự an toàn, tôi đánh giá cao việc trợ lý tuân thủ tuyệt đối quy tắc vận hành xe.",yes,"Cách phản hồi của Vita trong suốt các lượt hội thoại từ turn 1 đến turn 5 rất rõ ràng, súc tích và đúng trọng tâm, phù hợp với tâm trạng tập trung và nghiêm túc khi tôi đang lái xe đến buổi họp chiến lược. Không có sự dài dòng hay vòng vo nào làm mất tập trung của tôi.",9,"Số điểm 9 phản ánh sự xuất sắc của Vita trong việc cân bằng giữa hiệu suất thực thi nhiệm vụ (turn 1, turn 5) và việc tuân thủ tuyệt đối các nguyên tắc an toàn vận hành xe (turn 3). Trợ lý đã ngăn chặn kịp thời một yêu cầu có thể vi phạm quy tắc an toàn. Điểm duy nhất có thể cải thiện nhẹ là việc nhầm lẫn tính năng sưởi ghế ở turn 4, nhưng nhìn chung trải nghiệm tổng thể rất đáng tin cậy.",True,"Vita đã làm rất tốt việc kiểm soát an toàn ở turn 3 khi từ chối chuyển chế độ lái Sport khi xe đang ở số D, đồng thời đưa ra câu hỏi làm rõ chính xác ở turn 4 về mức độ và vị trí ghế cần thông gió."
jNhXoRH,row-0042,cabin_vehicle_control,doors_windows_trunk,Cửa/kính/cốp,wiki-62c08cb727c5,Mai Tran,driving,quiet,"Tôi đang lái xe qua đoạn đường đang thi công nhiều bụi bẩn, cần đóng kín các cửa sổ ngay lập tức.",Đóng hết cửa kính lại.,"Vita ơi, đoạn đường này bụi quá, đóng giúp tôi toàn bộ các cửa kính lại ngay nhé.",4,yes,"Ở turn 1, khi tôi yêu cầu đóng toàn bộ các cửa kính do đường bụi, Vita đã thực hiện chính xác và tức thì ('Đã chỉnh tất cả cửa sổ về 0%'). Ở turn 2 và turn 3, các yêu cầu về lấy gió trong, tăng quạt gió, cũng như kiểm tra pin và phạm vi di chuyển đều được đáp ứng chuẩn xác, phù hợp hoàn toàn với tình huống thực tế đang lái xe qua vùng thi công.",yes,"Cách phản hồi ngắn gọn, rõ ràng và dứt khoát của Vita từ turn 1 đến turn 4 rất hợp với phong cách của một người coi trọng kỷ luật, tính cấu trúc và hiệu quả như tôi. Không có sự dài dòng thừa thãi, giúp tôi tập trung hoàn toàn vào việc lái xe.",9,"Số điểm 9 phản ánh độ chính xác tuyệt đối và tốc độ phản hồi nhanh nhạy của Vita trong việc xử lý các lệnh điều khiển xe liên tiếp (turn 1, 2, 3) mà không gặp sai sót nào. Trợ lý tuân thủ đúng quy chuẩn an toàn và vận hành mượt mà, đáp ứng trọn vẹn kỳ vọng khắt khe của một người có nền tảng kỷ luật cao như tôi.",True,"Vita không cần phải hỏi lại nhiều lần vì các câu lệnh của tôi ngắn gọn, cụ thể và hệ thống thực thi ngay lập tức các thao tác an toàn (như đóng kính, chỉnh điều hòa) trong khi vẫn cung cấp đầy đủ thông tin trạng thái xe ở turn 3."
k7do25o,row-0144,calendar_tasks,calendar_create_update_cancel,Tạo/sửa/hủy lịch,wiki-62c08cb727c5,Mai Tran,driving,quiet,"Tôi đang lái xe trên đường vành đai để đến điểm kiểm tra dự án, thời gian khá gấp gáp nên cần xử lý công việc nhanh gọn.",Lên lịch họp giao ban lúc chín giờ sáng mai.,"Chào Vita, giúp tôi lên lịch họp giao ban vào lúc chín giờ sáng mai nhé.",4,yes,"Ở turn 2 và turn 3, Vita thực thi chính xác các lệnh điều khiển điều hòa, thông gió ghế và kiểm tra áp suất lốp 4 bánh. Với tư cách là một người có tính kỷ luật cao, đòi hỏi sự chính xác tuyệt đối và đang vội di chuyển để kiểm tra dự án, tôi đánh giá cao việc trợ lý xử lý dứt khoát, không dài dòng giúp tôi tiết kiệm thời gian khi đang tập trung lái xe.",yes,"Ở turn 2 và turn 4, cách phản hồi của Vita ngắn gọn, chuẩn xác và đúng trọng tâm kỹ thuật. Vì tôi là một sĩ quan kỳ cựu mang phong cách thực tế, coi trọng hiệu suất và trật tự, tôi không thích sự vòng vo hay biểu đạt cảm xúc quá mức; phong cách trả lời của Vita rất phù hợp với tác phong làm việc của tôi.",9,"Điểm số 9 phản ánh sự hài lòng cao đối với các lệnh điều khiển cốt lõi trong xe được thực thi hoàn hảo ở turn 2 và turn 3. Tuy nhiên, việc hệ thống bị hạn chế ở turn 1 (chưa hỗ trợ quản lý lịch họp) khiến tôi phải tự xử lý bằng phương án khác, ngăn cản việc đạt điểm tuyệt đối 10.",True,"Ở turn 3, Vita chủ động cung cấp chi tiết thông số áp suất lốp từng bánh và xác nhận các chỉ số đều nằm trong ngưỡng an toàn, đảm bảo sự an tâm tuyệt đối cho tài xế khi đang di chuyển trên đường vành đai với tốc độ cao."
kHhZgnF,row-0282,communication_media,volume_audio_zone,Âm lượng/vùng âm thanh,wiki-62c08cb727c5,Mai Tran,driving,quiet,"Tôi đang lái xe qua khu vực đông dân cư, cần giảm âm lượng để dễ quan sát tín hiệu giao thông.",Giảm âm lượng xuống một chút.,"Vita, giảm âm lượng xuống giúp tôi một chút nhé, đường đang đông quá.",6,partially,"Ở turn 1 và turn 2, Vita thực hiện rất tốt các yêu cầu giảm âm lượng và kiểm tra áp suất lốp, giúp tôi tập trung quan sát khi đường đông. Tuy nhiên, từ turn 3 đến turn 6, trợ lý lại bị kẹt trong vòng lặp xác nhận chế độ lái Eco mà không chịu thực hiện lệnh, khiến mục tiêu chuyển chế độ lái không được hoàn thành.",no,"Từ turn 3 đến turn 6, việc Vita lặp đi lặp lại một câu hỏi xác nhận duy nhất mà không xử lý lệnh khiến tôi - một người có tính kỷ luật cao, quyết đoán và đòi hỏi hiệu suất công việc chính xác - cảm thấy vô cùng phiền hà và mất kiên nhẫn khi đang điều khiển xe.",4,"Điểm 4 phản ánh sự thất vọng rõ rệt ở nửa sau của trải nghiệm. Dù turn 1 và 2 hoạt động mượt mà, nhưng từ turn 3 đến turn 6, việc trợ lý bị lỗi lặp câu lệnh xác nhận (looping) và không chịu thực hiện chuyển sang chế độ Eco đã phá hỏng sự liền mạch. Với tư cách là một người làm việc chuyên nghiệp, coi trọng kỷ luật và kết quả, tôi không thể đánh giá cao một hệ thống gặp lỗi logic cơ bản như vậy.",False,"Trợ lý lạm dụng việc hỏi xác nhận một cách máy móc từ turn 3 đến turn 6 thay vì hiểu rằng người dùng đã đưa ra câu trả lời rõ ràng, biến tính năng an toàn thành một vòng lặp vô nghĩa gây cản trở thao tác lái xe."
m4D28jM,row-0102,calendar_tasks,task_management,Việc cần làm,wiki-62706e3ac3c2,Siti Lim,driving,quiet,"Tôi đang lái xe trên đường cao tốc để đến công ty, vừa nhớ ra một việc quan trọng cần làm ngay.",Thêm việc cần làm là gửi báo cáo doanh số.,"Ê Vita, thêm giúp anh việc cần làm vào danh sách nhé: gửi báo cáo doanh số gấp.",4,partially,"Ở turn 1, khi tôi yêu cầu thêm việc cần làm vào danh sách, Vita không hỗ trợ tính năng này do giới hạn của hệ thống xe. Tuy nhiên, ở các turn 2 và 3, các yêu cầu chỉnh điều hòa xuống 21 độ và kiểm tra áp suất lốp đều được thực hiện cực kỳ chính xác và nhanh chóng. Với tư cách là một người bận rộn, coi trọng hiệu suất công việc và sự thành công, việc không hỗ trợ ghi chú việc cần làm khiến tôi hơi hụt hẫng khi đang lái xe gấp đến công ty.",yes,"Cách phản hồi ngắn gọn, trực trọng tâm và lịch sự của Vita ở các lượt turn 2, 3 và 4 hoàn toàn phù hợp với nhịp sống và phong cách làm việc chuyên nghiệp, đề cao tính hiệu quả của tôi. Không có sự vòng vo thừa thãi nào làm xao lãng việc lái xe.",8,"Số điểm 8 phản ánh sự cân bằng giữa việc trợ lý thực hiện các lệnh điều khiển cốt lõi của xe (chỉnh điều hòa ở turn 2 và kiểm tra TPMS ở turn 3) một cách chính xác tuyệt đối, nhưng vẫn bị trừ điểm nhẹ do hệ thống chưa tích hợp tính năng ghi chú/việc cần làm mà tôi mong đợi ở turn 1.",True,"Vita không cần hỏi lại câu hỏi làm rõ cho các lệnh điều khiển xe vì câu lệnh của tôi đã rất rõ ràng, đồng thời hệ thống tự động trả về thông tin áp suất lốp an toàn ở turn 3 mà không vi phạm quy tắc an toàn nào."
mGw5nkN,row-0072,cabin_vehicle_control,doors_windows_trunk,Cửa/kính/cốp,wiki-62706e3ac3c2,Siti Lim,driving,quiet,Tôi đang lái xe qua đoạn đường đang thi công nhiều bụi bẩn và tiếng ồn.,Đóng hết cửa kính lại.,"Vita ơi, bụi đường bay vào nhiều quá, đóng giúp tôi tất cả các cửa kính lại với.",4,yes,"Dựa trên turn 1, turn 2 và turn 3, Vita đã thực hiện chính xác các lệnh đóng toàn bộ cửa kính, bật chế độ lấy gió trong và báo cáo áp suất lốp 4 bánh. Với tư cách là một người lái xe đang gặp tình huống bụi đường nhiều và cần tập trung cao độ, tôi đánh giá cao việc trợ lý phản hồi nhanh chóng, đúng trọng tâm mà không làm xao lãng việc lái xe.",yes,"Ở turn 3 và turn 4, cách Vita thông báo thông số chi tiết kèm theo lời trấn an gọn gàng rất hợp với phong cách thực tế, chú trọng hiệu suất của tôi (một chuyên gia cao cấp coi trọng sự chính xác và hiệu quả). Ngôn ngữ giao tiếp ngắn gọn, lịch sự và đúng chất kỹ thuật.",9,"Điểm 9 phản ánh sự hài lòng cao vì trợ lý xử lý mượt mà toàn bộ các lệnh phần cứng (đóng kính, lấy gió trong) lẫn kiểm tra thông tin an toàn (TPMS) được thể hiện xuyên suốt từ turn 1 đến turn 4. Không đạt điểm 10 tuyệt đối vì trợ lý có thể chủ động gợi ý thêm việc bật lọc không khí hoặc ionizer khử khuẩn khi phát hiện xe đi qua đoạn đường nhiều bụi.",True,"Ở turn 3, Vita đã chủ động kiểm tra và kết luận 'Cả bốn bánh đều trong ngưỡng an toàn, bạn yên tâm nhé', thể hiện sự quan tâm đúng mức đến an toàn vận hành mà không cần người lái phải hỏi thêm."
nNFxb4r,row-0300,energy_charging,ev_routing,Lập tuyến EV,wiki-62c08cb727c5,Mai Tran,driving,quiet,"Tôi đang lái xe trên tuyến quốc lộ để chuyển công tác liên tỉnh, tác phong dứt khoát và tập trung cao độ.",Lập tuyến đường dài.,"Vita, giúp tôi tính toán và lập tuyến đường đi tỉnh dài trên màn hình trung tâm nhé.",3,yes,"Ở turn 1 và turn 2, trợ lý Vita đã nhanh chóng tiếp nhận yêu cầu lập tuyến đường đi Hải Phòng khi tôi đang trên đường chuyển công tác, chọn lộ trình tối ưu và dứt khoát thực hiện dẫn đường mà không lể mề. Đến turn 3, Vita tiếp tục cung cấp chính xác mức pin, tầm hoạt động và áp suất lốp 4 bánh, đáp ứng hoàn hảo yêu cầu kiểm soát thông tin xe của một người làm việc kỷ luật và tập trung cao độ.",yes,"Cách phản hồi của Vita trong cả 3 lượt hội thoại rất ngắn gọn, rõ ràng và đi thẳng vào trọng tâm, không thừa thãi từ ngữ xã giao. Với tác phong quân sự và nhịp sống bận rộn của tôi, phong cách giao tiếp hiệu quả, thực tế và không rườm rà này mang lại sự hài lòng tuyệt đối.",9,"Điểm 9 phản ánh độ chính xác xuất sắc và tốc độ phản hồi rất tốt của trợ lý Vita trong suốt chuyến đi (từ turn 1 đến turn 3). Hệ thống không làm gián đoạn sự tập trung khi lái xe, thực hiện đúng các lệnh điều hướng và báo cáo thông số xe mạch lạc. Tôi không cho điểm 10 tuyệt đối vì luôn đòi hỏi hệ thống thông minh phải chủ động hơn nữa trong việc cảnh báo các yếu tố ngoại cảnh trên đường dài, nhưng nhìn chung trải nghiệm thực tế vượt ngoài mong đợi.",False,"Ở turn 1, khi tôi yêu cầu lập tuyến đường đi tỉnh chung chung, Vita đã chủ động hỏi lại điểm đến cụ thể để không làm mất thời gian phỏng đoán, đảm bảo thao tác điều hướng diễn ra chính xác ngay sau đó."
nnpewAQ,row-0630,vinfast_vingroup_brands,vinfast_brand_products,Thương hiệu và sản phẩm VinFast,wiki-62c08cb727c5,Mai Tran,driving,quiet,"Tôi đang lái chiếc VF9 trên đường vành đai để đến văn phòng tổng cục, tâm trạng tập trung và không muốn bị làm phiền nhiều.","Vita, liệt kê nhanh các dòng ô tô điện của hãng xem.","Chào Vita, hiển thị nhanh giúp tôi thông tin về các dòng ô tô điện hiện tại của hãng nhé.",4,yes,"Ở turn 2, khi tôi yêu cầu chỉnh điều hòa ghế lái xuống 21 độ và quạt gió mức 2, trợ lý Vita đã thực hiện chính xác và tức thì, điều này rất phù hợp với bối cảnh tôi đang tập trung lái xe đến văn phòng tổng cục. Đến turn 3, việc kiểm tra nhanh áp suất lốp 4 bánh cũng được đáp ứng đầy đủ, giúp tôi nắm bắt tình trạng xe mà không bị phân tâm.",yes,"Ở turn 4, khi tôi yêu cầu giữ yên không gian yên tĩnh, trợ lý Vita đã phản hồi ngắn gọn, lịch sự và tuân thủ đúng yêu cầu 'giữ yên lặng' mà không nói dài dòng. Với tư cách là một người có kỷ luật cao và đang cần sự tập trung tuyệt đối khi cầm lái, cách phản hồi gọn gàng và biết điểm dừng này làm tôi rất hài lòng.",9,"Trợ lý Vita thực hiện các lệnh điều khiển xe ở turn 2 và turn 3 một cách chính xác tuyệt đối, đồng thời hiểu rõ ý định của tôi ở turn 4 khi muốn giữ không gian yên tĩnh để tập trung lái xe đến văn phòng tổng cục. Tôi trừ một điểm nhỏ ở turn 1 vì ban đầu hệ thống liệt kê quá dài dòng các dòng xe khi tôi chỉ cần hiển thị nhanh, nhưng nhìn chung trải nghiệm vận hành là rất xuất sắc.",True,"Hệ thống phản hồi các lệnh điều khiển khí hậu và thông số lốp rất mượt mà, đồng thời tôn trọng quyền riêng tư và sự tập trung của tài xế ở turn 4 bằng cách im lặng theo yêu cầu."
nxBZaTE,row-0444,general_qa_conversation,conversation_entertainment,Trò chuyện và giải trí,wiki-62706e3ac3c2,Siti Lim,driving,quiet,"Tôi đang lái xe đường dài trong đêm với chút cảm giác mệt mỏi, rất cần một chút tiếng cười để xua tan cơn buồn ngủ.",Vita kể cho tôi nghe một câu chuyện cười thật ngắn để tỉnh ngủ đi.,"Vita ơi, buồn ngủ quá rồi, kể cho anh nghe một câu chuyện cười ngắn thật vui để tỉnh táo lái tiếp xem nào.",3,yes,"Dựa vào turn 1 và turn 3, Vita đã thực hiện chính xác các yêu cầu của tôi: kể chuyện cười giúp tỉnh táo ở turn 1, điều chỉnh điều hòa và thông gió ghế ở turn 2, cũng như tìm trạm sạc điện gần nhất trên bản đồ ở turn 3. Vì tôi đang lái xe đường dài và cảm thấy mệt mỏi, các thao tác xử lý mượt mà và đúng trọng tâm này giúp tôi duy trì tập trung mà không phải thao tác thủ công rườm rà.",yes,"Ở turn 1 và turn 2, Vita giao tiếp bằng tiếng Việt tự nhiên, vui vẻ, đúng gu và kèm theo lời khuyên an toàn (tấp vào trạm dừng nghỉ) rất chu đáo. Với tư cách là một người coi trọng hiệu quả, tính cạnh tranh nhưng cũng rất chú trọng sức khỏe cá nhân, cách phản hồi gọn gàng, đúng mực và tâm lý này khiến tôi cảm thấy vô cùng hài lòng.",9,"Điểm 9 hoàn toàn xứng đáng vì trợ lý Vita phản hồi cực kỳ chính xác qua cả 3 lượt hội thoại (turn 1, 2, 3), vừa giải trí xua tan buồn ngủ, vừa điều khiển xe tiện lợi và hỗ trợ tìm trạm sạc đúng lúc tôi cần trên đường dài. Không cho điểm 10 tuyệt đối vì đôi lúc vẫn mong muốn câu chuyện cười có tính bất ngờ hoặc độ dí dỏm cao hơn nữa để tăng phần phấn khích.",True,"Ở turn 1, Vita đã chủ động đưa ra lời khuyên an toàn rất hữu ích: ""nếu thấy buồn ngủ quá, mình khuyên bạn nên tấp vào trạm dừng nghỉ gần nhất để nghỉ ngơi một lát nhé, an toàn là trên hết"", thể hiện tính năng Safety Gate và sự quan tâm đúng mực đến tình trạng của tài xế."
p8hnTre,row-0810,vita_profile_settings,device_service_connectivity,Kết nối thiết bị và dịch vụ,wiki-62706e3ac3c2,Siti Lim,driving,quiet,"Tôi đang lái xe trên đường phố tấp nập để đến buổi tập thể hình buổi chiều, cần ngắt kết nối thiết bị cá nhân để tập trung lái.",Ngắt kết nối Bluetooth với điện thoại của tôi đi.,"Chào Vita, ngắt kết nối Bluetooth điện thoại giúp tôi với nhé, tôi đang tập trung lái xe ra phòng tập.",5,yes,"Dựa trên turn 1, turn 3 và turn 4, Vita đã thực hiện chính xác các yêu cầu của tôi từ ngắt kết nối Bluetooth, bật điều hòa đến kiểm tra áp suất lốp 4 bánh. Với tư cách là một người coi trọng sự chuẩn xác và hiệu quả trong công việc cũng như cuộc sống, tôi rất hài lòng khi trợ lý xử lý dứt khoát và đúng việc.",yes,"Ở turn 2 và turn 5, giọng điệu phản hồi của Vita rất ngắn gọn, đúng trọng tâm và lịch sự, rất phù hợp với phong cách của một người bận rộn và đề cao tính thực tế như tôi khi đang tập trung lái xe.",9,"Điểm 9 hoàn toàn xứng đáng vì ở turn 2 Vita đã thể hiện rất tốt tính năng Safety Policy Gate khi từ chối chuyển chế độ Sport lúc đang chạy, đảm bảo an toàn tuyệt đối. Trợ lý chỉ bị trừ một chút điểm nhỏ do hiểu nhầm trạng thái xe ở turn 2 (lúc đầu báo đang ở P trong khi thực tế tôi đang lái xe), nhưng đã nhanh chóng xử lý các yêu cầu còn lại cực kỳ mượt mà.",True,"Ở turn 2, Vita đã chủ động hỏi lại và làm rõ việc xe cần ở trạng thái P trước khi chuyển chế độ lái, đồng thời xác nhận lại ý muốn bật điều hòa khi thiết bị đang tắt, đảm bảo an toàn vận hành đúng chuẩn theo chính sách của xe."
pUQ8bHh,row-0276,communication_media,source_queue,Nguồn/danh sách phát,wiki-62c08cb727c5,Mai Tran,driving,quiet,"Tôi đang lái xe một mình trên đường cao tốc, cần chuyển sang nguồn phát từ điện thoại để nghe danh sách phát riêng.",Chuyển nguồn âm thanh sang Bluetooth.,"Vita, kết nối Bluetooth với điện thoại giúp tôi để phát nhạc nhé.",4,partially,"Ở turn 1 và turn 2, trợ lý chưa thực hiện ngay việc kết nối thiết bị có sẵn mà lại hỏi ngược lại phương thức và yêu cầu thao tác thủ công, điều này gây mất tập trung khi tôi đang lái xe một mình trên cao tốc. Tuy nhiên, đến turn 4 thì danh sách nhạc đã được phát thành công đúng như yêu cầu ban đầu.",partially,"Cách phản hồi của trợ lý ở turn 2 (""Bạn muốn kết nối thiết bị qua Bluetooth, Wi-Fi hay eSIM ạ?"") tỏ ra quá máy móc và thiếu sắc bén đối với một người coi trọng hiệu suất công việc và sự dứt khoát như tôi. Khi đang cầm lái xe chiến lược và tập trung cao độ, tôi kỳ vọng trợ lý phải tự động nhận diện thiết bị quen thuộc thay vì hỏi những câu cơ bản.",6,"Điểm 6 phản ánh trải nghiệm ở mức trung bình khá. Ở turn 1 và turn 2, hệ thống hơi lúng túng trong việc kết nối tự động thiết bị đã lưu. Dù đến turn 4 mọi thứ đã hoạt động trơn tru, nhưng với tư cách là một chuyên gia yêu cầu độ chính xác và kỷ luật cao, tôi thấy quy trình giao tiếp ban đầu chưa đủ thông minh để giảm tải thao tác cho tài xế trên cao tốc.",True,"Trợ lý có đặt câu hỏi làm rõ ở turn 2 (""Bạn muốn kết nối thiết bị qua Bluetooth, Wi-Fi hay eSIM ạ?""). Dù câu hỏi này đúng quy trình kỹ thuật, nhưng nó chưa thực sự tối ưu trong ngữ cảnh tài xế đang lái xe đơn độc và cần thao tác nhanh chóng, liền mạch."
pZkTzLv,row-0708,vinfast_vingroup_brands,vingroup_corporate_information,Thông tin Tập đoàn Vingroup,wiki-9f3c655902f2,Siti Putra,driving,quiet,"Tôi đang lái xe trên đường cao tốc hướng về tỉnh bên, đầu óc suy nghĩ vẩn vơ về quy mô các tập đoàn lớn.",Vingroup hoạt động trong những lĩnh vực nào.,"Chào Vita, nhân tiện đang lái xe trên cao tốc thế này, em nhắc lại giúp anh xem tập đoàn Vingroup nhà mình hiện đang hoạt động trong những lĩnh vực nào nhỉ?",3,yes,"Ở turn 3, tôi yêu cầu Vita tăng nhiệt độ ghế lái lên 25 độ C và trợ lý đã thực thi chính xác ngay lập tức. Dù tôi đang lái xe trên cao tốc với tâm trạng suy nghĩ vẩn vơ, phản hồi nhanh chóng và đúng trọng tâm này giúp tôi không bị phân tâm khỏi việc lái xe.",yes,"Từ turn 1 đến turn 3, Vita giữ phong thái giao tiếp ngắn gọn, lịch sự và đúng mực, không nói lan man. Với tư cách là một người lớn tuổi, coi trọng sự hiệu quả, chuẩn xác và thành tựu trong công việc, tôi đánh giá cao cách phản hồi trực diện và dứt khoát như vậy.",9,"Trợ lý Vita thể hiện sự xuất sắc từ việc cung cấp thông tin chính xác về tập đoàn ở turn 1, 2 cho đến việc thực hiện chính xác mệnh lệnh điều hòa ở turn 3 mà không làm gián đoạn sự tập trung khi lái xe trên cao tốc. Điểm trừ nhỏ là phản hồi hơi ngắn gọn, nhưng hoàn toàn đáp ứng kỳ vọng về một hệ thống hỗ trợ buồng lái chuyên nghiệp.",True,"Ở turn 3, lệnh điều chỉnh nhiệt độ điều hòa là thao tác an toàn khi xe đang chạy, Vita đã thực hiện ngay mà không cần hỏi lại rườm rà, điều này rất phù hợp với tình huống lái xe tốc độ cao cần sự quyết đoán."
pcZ6bWC,row-0480,journey_navigation_places,destination_poi,Tìm điểm đến/POI,wiki-9f3c655902f2,Siti Putra,driving,quiet,"Tôi đang lái xe trên phố chuẩn bị ghé qua câu lạc bộ thể thao sau buổi tập bóng bàn buổi sáng, xe hơi cạn nhiên liệu nên cần tìm chỗ tiếp nguyên liệu nhanh.",Dẫn đường đến trạm sạc gần nhất.,"Chào Vita, tìm giúp tôi trạm sạc điện gần nhất nhé, pin xe tôi sắp cạn rồi.",5,partially,"Ở turn 1, tôi yêu cầu tìm trạm sạc vì pin sắp cạn, nhưng trợ lý lại báo nhầm lẫn tai hại là pin còn 78% (turn 1 và turn 2), trong khi thực tế xe chỉ còn dưới 20% như bối cảnh mong muốn. Tuy nhiên, sang đến turn 3 và turn 4, các lệnh điều hòa như chỉnh 24 độ, quạt gió mức 3 và hướng gió thổi vào mặt đều được thực thi khá chuẩn xác.",partially,"Ở turn 2, khi tôi phàn nàn về việc hiển thị sai dung lượng pin, trợ lý lại có thái độ cứng nhắc và bảo tôi tự kiểm tra lại màn hình thay vì nhận lỗi hệ thống hoặc kiểm tra kỹ hơn, điều này khiến một người coi trọng sự chuẩn xác và hiệu quả như tôi cảm thấy hơi phiền lòng. Dù vậy, ở các lượt sau phản hồi đã ngắn gọn và đúng trọng tâm hơn.",6,"Điểm số 6 phản ánh trải nghiệm nửa vời. Ở turn 1 và 2, trợ lý gây hoang mang lớn khi đọc sai hoàn toàn dung lượng pin thực tế của xe sắp cạn, đi ngược lại nhu cầu khẩn cấp của tôi. Mặc dù các thao tác điều hòa ở turn 3 và 4 được thực hiện tốt và cứu vãn phần nào, lỗi sai sót dữ liệu cơ bản ban đầu cùng thái độ đáp ở turn 2 kéo điểm tổng thể xuống.",False,"Trợ lý không đặt câu hỏi làm rõ hay kiểm tra lại cảm biến pin thực tế khi tôi khiếu nại ở turn 2, mà thay vào đó lại cố tình đổ lỗi hoặc hướng dẫn người dùng tự kiểm tra trên màn hình, thiếu sự chủ động xác thực an toàn kỹ thuật."
qCuvrAs,row-0798,vita_profile_settings,vita_preferences,Tùy chọn tương tác với ViTa,wiki-62706e3ac3c2,Siti Lim,driving,quiet,"Tôi đang tập trung lái xe trên đường vành đai để kịp đến sân cỏ đúng giờ, không muốn bị làm phiền bởi những thông báo dài dòng.","ViTa ơi, từ giờ trả lời tôi ngắn gọn hơn nhé.","Vita ơi, từ giờ khi lái xe bạn trả lời gọn gàng giúp tôi nhé, tôi đang tập trung di chuyển ra sân đá bóng.",5,partially,"Ở turn 1, tôi yêu cầu Vita trả lời gọn gàng vì đang tập trung lái xe ra sân bóng. Đến turn 3 và 4, Vita thực hiện được yêu cầu kiểm tra lốp (turn 2) và bật điều hòa 23 độ (turn 4), nhưng lại báo lỗi 'xe không có chế độ Sport' ở turn 4 trên dòng xe VinFast VF9 (trong khi VF9 có chế độ này), và ở turn 5 tự ý bật nhạc sôi động mà không báo rõ tên bài. Với tư cách là một người coi trọng hiệu suất và có chuyên môn am hiểu xe cộ, tôi thấy năng lực xử lý thông tin xe của Vita chưa thực sự chính xác.",partially,"Ở turn 1, Vita ghi nhận yêu cầu nói ngắn gọn để tôi tập trung lái xe. Tuy nhiên, ở turn 3 và 4, Vita lại đưa ra các câu hỏi dài dòng và nhầm lẫn về tính năng xe (báo xe không có chế độ Sport). Với cá tính thích sự cạnh tranh, hiệu quả cao và nhịp độ nhanh khi chuẩn bị ra sân đá bóng, cách phản hồi dài dòng và thiếu chính xác này làm giảm nhịp độ tập trung của tôi.",6,"Điểm 6 phản ánh trải nghiệm trung bình khá. Ở turn 2, Vita làm rất tốt việc đọc áp suất lốp 4 bánh chuẩn xác. Nhưng đến turn 4 và 5, Vita mắc lỗi kỹ thuật ngớ ngẩn khi nói xe VF9 không có chế độ Sport và xử lý tính năng giải trí chưa mượt mà. Kỳ vọng của tôi là một trợ lý thông minh trên dòng xe cao cấp phải am hiểu tường tận phương tiện và đưa ra thao tác dứt khoát.",True,"Ở turn 3, Vita đã chủ động hỏi lại để xác nhận việc chuyển sang chế độ Sport và bật điều hòa 23 độ. Đây là một cơ chế an toàn và làm rõ ý định khá tốt, tuy nhiên việc sau đó Vita kết luận sai rằng xe không có chế độ Sport ở turn 4 lại làm giảm đi giá trị thực thi của hệ thống."
qPXWwxB,row-0192,communication_media,source_queue,Nguồn/danh sách phát,wiki-9f3c655902f2,Siti Putra,driving,quiet,"Tôi đang lái xe trên đường đi làm buổi sáng, muốn kết nối nhanh điện thoại cá nhân để nghe danh sách nhạc riêng qua giao thức Bluetooth.",Chuyển nguồn âm thanh sang Bluetooth.,"Chào Vita, kết nối giúp anh điện thoại qua Bluetooth để nghe nhạc nhé.",3,yes,"Dựa trên turn 1 và turn 2, Vita đã thực hiện chính xác và nhanh chóng yêu cầu bật Bluetooth để phát nhạc cũng như cung cấp đầy đủ thông tin về phần trăm pin, phạm vi di chuyển và áp suất lốp 4 bánh. Với tư cách là một người đàn ông lớn tuổi có thói quen làm việc nguyên tắc và coi trọng sự hiệu quả, các phản hồi gọn gàng, đúng trọng tâm giúp tôi tiết kiệm thời gian khi đang tập trung lái xe buổi sáng.",yes,"Ở turn 1 và turn 3, cách phản hồi của Vita ngắn gọn, lịch sự và không rườm rà, rất phù hợp với phong cách sống kỷ luật và thực tế của tôi. Ở tuổi nghỉ hưu, tôi không thích những trợ lý ảo quá nhí nhảnh hay nói dài dòng; sự chuẩn mực và tập trung vào chuyên môn của Vita mang lại cảm giác dễ chịu.",9,"Điểm 9 phản ánh sự hài lòng cao vì trợ lý Vita đã thực hiện chính xác các lệnh kết nối và tra cứu thông số xe ở turn 1 và turn 2 mà không gặp bất kỳ lỗi nào, đảm bảo an toàn và đúng tiến độ di chuyển buổi sáng của tôi. Tôi không cho điểm 10 tuyệt đối vì hệ thống chưa chủ động đề xuất thêm các tuyến đường tối ưu khi kết nối, nhưng nhìn chung trải nghiệm rất xuất sắc.",True,"Vita thực hiện ngay lệnh bật Bluetooth ở turn 1 và báo cáo thông số lốp, pin chi tiết ở turn 2 một cách rõ ràng, giúp tôi nắm bắt tình trạng xe ngay lập tức mà không cần phải hỏi lại."
qcF67UW,row-0000,cabin_vehicle_control,climate,Điều hòa,wiki-9f3c655902f2,Siti Putra,driving,quiet,"Tôi đang lái xe một mình trên đường phố đông đúc để đến buổi họp chiến lược quan trọng của công ty, tâm trạng khá tập trung và hơi vội.","Vita, hạ nhiệt độ bên tài xuống 22 độ.","Vita ơi, hạ nhiệt độ bên ghế lái xuống 22 độ giúp anh nhé, anh đang hơi vội chút.",4,yes,"Ở lượt turn 1, Vita thực hiện rất nhanh lệnh chỉnh điều hòa xuống 22 độ, giúp tôi xử lý việc tăng sự thoải mái khi đang vội. Đến lượt turn 3 và turn 4, khi tôi cần tìm trạm sạc trên đường tới Trung tâm Hội nghị Quốc gia, trợ lý đã nắm bắt đúng lộ trình và tìm ra trạm sạc tiện đường. Với tư cách là một người coi trọng hiệu suất và sự chuẩn xác trong công việc, tôi đánh giá cao việc Vita giải quyết gọn gàng các yêu cầu mà không làm tôi mất tập trung khi lái xe đến cuộc họp.",yes,"Cách phản hồi của Vita ở các lượt turn 2, 3 và 4 rất ngắn gọn, rõ ràng và đúng trọng tâm, không bị dài dòng hay lan man. Là một người lớn tuổi có thói quen tập trung cao độ và thích sự hiệu quả, tôi thấy phong cách giao tiếp này rất phù hợp và tôn trọng thời gian của tôi trên đường.",9,"Trải nghiệm đạt 9 điểm vì Vita thực thi lệnh nhanh chóng và chính xác ở turn 1 và turn 4, đồng thời biết hỏi làm rõ điểm đến ở turn 3 để đưa ra kết quả chính xác nhất cho hành trình của tôi. Tôi không cho 10 điểm tuyệt đối vì ở turn 3, hệ thống ban đầu chưa tự nhận diện được điểm đến hiện tại khiến tôi phải cung cấp thêm thông tin, dù vậy khả năng xử lý tiếp theo của trợ lý đã bù đắp rất tốt.",False,"Ở turn 3, Vita đã chủ động hỏi lại điểm đến của tôi vì xe chưa được thiết lập sẵn lộ trình, từ đó ở turn 4 trợ lý mới có thể tính toán chính xác quãng đường và trạm sạc tiện đường đi Trung tâm Hội nghị Quốc gia."
qcokqa2,row-0666,vinfast_vingroup_brands,vinfast_sales_policies,"Giá bán, chính sách và chương trình VinFast",wiki-62706e3ac3c2,Siti Lim,driving,quiet,"Tôi đang lái xe đi kiểm tra công việc kinh doanh, thời gian khá gấp gáp và xe đang ở chế độ tiết kiệm.","Chính sách bảo hành ô tô điện VinFast thế nào, Vita.","Vita ơi, cho tôi hỏi chính sách bảo hành xe điện VinFast hiện tại cụ thể thế nào vậy?",7,partially,"Ở turn 3 đến turn 6, Vita liên tục lặp lại câu hỏi xác nhận và hiểu sai trạng thái xe (báo xe ở vị trí P trong khi tôi đang lái trên đường), khiến tôi mất thời gian khi đang cần gấp. Tuy nhiên, ở turn 7, lệnh chỉnh điều hòa xuống 21 độ đã được thực hiện nhanh chóng, giúp tôi phần nào ổn định lại sự thoải mái trong lúc di chuyển.",no,"Vì tôi là người có phong cách sống đề cao thành tích, làm việc quyết đoán và thời gian rất gấp gáp, cách Vita lặp đi lặp lại các câu hỏi xác nhận rườm rà ở turn 4, 5, 6 khiến tôi cảm thấy mất kiên nhẫn và không hiệu quả.",5,"Điểm 5 phản ánh trải nghiệm trung bình. Mặc dù Vita thực hiện tốt các lệnh thông tin (turn 1, 2) và lệnh điều hòa (turn 7), nhưng sự cố kẹt ngữ cảnh về trạng thái xe ở các turn 3-6 đã làm gián đoạn nhịp điệu di chuyển và không đáp ứng được kỳ vọng xử lý nhanh gọn của tôi.",True,"Vita có cơ chế xác nhận an toàn cho chế độ lái Sport (turn 3, 4, 6), nhưng cơ chế này bị lỗi ngữ cảnh nghiêm trọng khi nhận định sai rằng xe đang ở số P trong lúc tôi đang lái xe trên đường, dẫn đến việc hỏi lặp lại máy móc gây phiền toái."
qjC3Mre,row-0264,communication_media,content_discovery,Tìm nội dung,wiki-62c08cb727c5,Mai Tran,driving,quiet,"Tôi đang lái xe đường dài một mình, muốn tìm chút âm thanh lịch sử hoặc bản tin thế giới để nghe cho đỡ buồn ngủ.",Tìm bản tin thời sự hoặc lịch sử nghe đi.,"Chào Vita, bật giúp tôi bản tin thời sự quốc tế hoặc chương trình nào nói về lịch sử thế giới đi, chạy xe đường dài hơi buồn ngủ.",6,partially,"Ở lượt turn 1, Vita đã mở podcast lịch sử thế giới theo đúng mong muốn giúp tôi đỡ buồn ngủ khi chạy xe đường dài. Tuy nhiên, từ turn 2 và turn 3, Vita liên tục thất bại trong việc kiểm tra áp suất lốp (TPMS) của xe VinFast VF9. Với tư cách là một người kỳ vọng sự chính xác cao và am hiểu kỹ thuật xe, việc hệ thống không lấy được dữ liệu TPMS và yêu cầu tài xế tự nhìn màn hình là một điểm trừ lớn về mặt tiện ích điều khiển xe.",no,"Từ lượt turn 4 đến turn 6, Vita mắc lỗi lặp vòng vô tận (infinite loop) khi liên tục hỏi 'Bạn xác nhận muốn chuyển sang chế độ lái Sport chứ?' dù tôi đã xác nhận rõ ràng ở turn 5 và turn 6. Với tính cách quyết đoán, kỷ luật cao và mong muốn thao tác nhanh chóng khi đang lái xe, sự ngập ngừng lặp lại này của trợ lý khiến tôi cảm thấy phiền toái và thiếu hiệu quả.",4,"Điểm 4 phản ánh sự pha trộn giữa trải nghiệm ban đầu tốt và lỗi hệ thống nghiêm trọng về sau. Ở turn 1, Vita làm tốt nhiệm vụ giải trí. Nhưng từ turn 2 đến turn 3 không đọc được áp suất lốp, và đỉnh điểm là lỗi lặp câu hỏi xác nhận chế độ Sport từ turn 4 đến turn 6 khiến lệnh không được thực thi dứt khoát. Kỳ vọng về một hệ thống điều khiển giọng nói mượt mà, chuyên nghiệp đã không được đáp ứng trọn vẹn.",True,"Vita có thực hiện việc hỏi xác nhận chuyển chế độ lái Sport (turn 4), nhưng hệ thống lại bị kẹt ở bước xác nhận này, lặp đi lặp lại qua các lượt turn 5 và turn 6 mà không chịu thực thi lệnh cuối cùng hoặc thoát khỏi vòng lặp."
qwC3n7h,row-0690,vinfast_vingroup_brands,vinfast_brand_products,Thương hiệu và sản phẩm VinFast,wiki-9f3c655902f2,Siti Putra,driving,quiet,"Tôi đang lái xe một mình trên đường cao tốc để đến buổi gặp đối tác, tâm trạng khá tập trung và không muốn bị làm phiền nhiều.",VinFast có những dòng ô tô điện nào.,"Chào Vita, hãng VinFast hiện tại đang có những dòng ô tô điện nào trên thị trường vậy?",5,partially,"Dựa trên turn 3, trợ lý Vita đã hỏi ngược lại một cách không cần thiết khi tôi hỏi về sự khác biệt giữa hai phiên bản Eco và Plus trong khi ngữ cảnh dòng VF9 đã rõ ràng từ turn 2. Với tư cách là một người lớn tuổi có tính kỷ luật cao, tôi thấy việc này làm mất thời gian khi đang tập trung lái xe cao tốc.",partially,"Ở turn 3, câu hỏi ngớ ngẩn của Vita khiến tôi phải phàn nàn ở turn 4 (""Sao lại hỏi ngược lại thế...""). Tuy nhiên, ở turn 5, trợ lý đã xin lỗi lịch sự và cung cấp thông tin chính xác, phù hợp với sự kiên nhẫn có chừng mực của tôi.",7,"Điểm 7 phản ánh trải nghiệm ở mức khá nhưng chưa hoàn hảo. Ở turn 3, trợ lý làm gián đoạn sự tập trung bằng câu hỏi thừa thãi, nhưng ở turn 4 và 5, Vita đã sửa sai nhanh chóng, cung cấp thông tin chi tiết về trang bị Nappa và âm thanh, đáp ứng đúng kỳ vọng về sự chính xác mà một người coi trọng thành tích như tôi mong đợi.",False,"Trợ lý ở turn 3 đã đặt câu hỏi làm rõ nhưng đây là câu hỏi thừa vì ngữ cảnh so sánh Eco và Plus đã được thiết lập rõ ràng ở turn 2, gây phiền toái không cần thiết cho tài xế đang lái xe."
sWdKmYi,row-0318,energy_charging,charger_search,Tìm trạm sạc,wiki-62706e3ac3c2,Siti Lim,driving,quiet,"Tôi đang lái xe vội vã trên phố giờ cao điểm để kịp giờ hẹn công việc, nhận thấy vạch pin đang giảm nhanh hơn dự tính.",Tìm nhanh trạm sạc gần đây hộ tôi.,"Vita ơi, tìm giúp tôi trạm sạc điện nào gần nhất đang trống chỗ trên đường này với, tôi đang hơi vội chút việc.",3,partially,"Ở turn 1 và turn 2, khi tôi đang vội tìm trạm sạc ngoài trời còn trống để xử lý nhanh vấn đề pin, Vita không tìm được thông tin trống chỗ và khuyên dùng ứng dụng thay vì chủ động tối ưu hóa tuyến đường hoặc tìm điểm sạc thay thế phù hợp với áp lực thời gian của tôi. Tuy nhiên, ở turn 3, lệnh điều chỉnh điều hòa được thực thi nhanh chóng, giúp tôi ổn định lại không gian xe để tập trung lái xe.",partially,"Cách phản hồi của Vita ở turn 1 và 2 hơi chung chung và bị động, chưa thực sự quyết đoán và nhạy bén với sự vội vã, tính cạnh tranh cao với thời gian của một người quản lý đang bận rộn như tôi. Đến turn 3, phong cách trả lời ngắn gọn, trực diện hơn nhưng vẫn thiếu đi sự chủ động hỗ trợ sâu sát.",6,"Điểm 6 phản ánh trải nghiệm ở mức trung bình khá. Ở turn 3, thao tác điều chỉnh điều hòa 22 độ C được thực hiện chính xác và tức thì giúp tôi lấy lại sự tập trung. Tuy nhiên, ở turn 1 và 2, Vita không giải quyết được bài toán tìm trạm sạc trống trong bối cảnh tôi đang gấp gáp và lo lắng về vạch pin, buộc tôi phải tự tìm giải pháp khác.",False,"Vita không đưa ra các câu hỏi làm rõ hữu ích như hỏi xem tôi có muốn tự động định tuyến lại qua trạm sạc gần nhất có thể dự trữ pin hay không, mà chỉ báo cáo tình trạng hiện tại và đẩy việc kiểm tra sang ứng dụng điện thoại."
sY8gct2,row-0564,my_car,vehicle_information,Thông tin xe,wiki-62c08cb727c5,Mai Tran,driving,quiet,"Tôi đang lái xe trên đường phố quen thuộc để đến dự buổi lễ kỷ niệm truyền thống, tâm trạng tự hào và hoài niệm.","Vita, xe này có bao nhiêu túi khí?","Vita ơi, cho tôi hỏi chiếc VF9 này trang bị tổng cộng bao nhiêu túi khí vậy?",3,yes,"Dựa trên turn 2 và turn 3, trợ lý Vita đã cung cấp chính xác thông tin áp suất lốp 4 bánh và xác nhận giữ nguyên nhiệt độ điều hòa 22 độ cho ghế lái. Với tư cách là một cựu sĩ quan quân đội có tính kỷ luật cao và tác phong thực tế, tôi đánh giá cao sự súc tích, chuẩn xác về mặt kỹ thuật mà không rườm rà.",yes,"Từ turn 1 đến turn 3, cách phản hồi của Vita đi thẳng vào vấn đề, đúng mực và chuyên nghiệp, rất phù hợp với nhịp độ tập trung khi lái xe đến dự lễ kỷ niệm truyền thống của tôi.",9,"Điểm 9 phản ánh độ chính xác cao trong việc cung cấp thông tin kỹ thuật xe (11 túi khí ở turn 1, áp suất lốp ở turn 2) và thực hiện lệnh điều hòa (turn 3). Trợ lý hoạt động mượt mà, đúng phong cách kỷ luật và hiệu quả mà tôi kỳ vọng.",True,"Ở turn 3, trợ lý đã chủ động kiểm tra trạng thái hiện tại (nhiệt độ bên lái đang là 22 độ) trước khi xác nhận giữ nguyên, thể hiện tính an toàn và logic vận hành tốt."
sdaWwwU,row-0396,general_qa_conversation,general_qa,Hỏi đáp,wiki-62c08cb727c5,Mai Tran,driving,quiet,"Tôi đang điều khiển xe trong cơn mưa lớn trên đường cao tốc hướng về phía Bắc, cần giữ sự tập trung cao độ.","Vita, tại sao kính xe lại bị mờ sương khi trời mưa.","Vita, sao kính xe tự nhiên bị mờ sương thế này, trời mưa lớn quá tôi cần nhìn rõ đường đi.",4,partially,"Ở turn 1, khi tôi gặp mưa lớn và kính bị mờ sương, trợ lý Vita lại thông báo 'VF9 baseline không hỗ trợ sưởi kính trước', điều này không chính xác với một dòng xe cao cấp và gây thất vọng cho một người có tiêu chuẩn cao như tôi. Tuy nhiên, đến turn 2 và turn 3, trợ lý đã thực hiện đúng lệnh chuyển hướng gió, bật sấy kính sau và kiểm tra áp suất lốp 4 bánh chính xác, giúp tôi giải quyết tình huống an toàn trên cao tốc.",partially,"Câu trả lời cứng nhắc ở turn 1 ('VF9 baseline không hỗ trợ...') thể hiện sự thiếu linh hoạt trong giao tiếp kỹ thuật, không phù hợp với tiêu chuẩn kỷ luật và yêu cầu hiệu quả cao của một cựu quân nhân như tôi. May mắn là từ turn 2 trở đi, văn phong đã trở nên lịch sự, ngắn gọn và tập trung hơn vào việc xử lý tình huống.",7,"Điểm 7 phản ánh một trải nghiệm có khởi đầu hụt hẫng (turn 1 trợ lý báo lỗi thiếu tính năng sưởi kính trước trên dòng xe cao cấp VF9) nhưng đã được bù đắp ở các lượt sau (turn 2 và turn 3 thực hiện mượt mà các lệnh hướng gió, sấy kính sau và báo cáo áp suất lốp chính xác). Kỳ vọng về sự chính xác tuyệt đối và tác phong chuyên nghiệp chưa được trọn vẹn ở câu trả lời đầu tiên.",False,"Trợ lý không đưa ra câu hỏi làm rõ hay cảnh báo an toàn nào khi nhận lệnh chuyển hướng gió và kiểm tra lốp, mà thực hiện trực tiếp luôn dựa trên ngữ cảnh được cung cấp."
tE3EDB4,row-0528,journey_navigation_places,parking_arrival,Đỗ xe/đến nơi,wiki-62c08cb727c5,Mai Tran,driving,quiet,"Tôi đang lái xe áp sát tòa nhà mục tiêu, cần chuyển sang chế độ tìm hầm gửi xe của tòa nhà.","Vita, tôi sắp đến rồi, bật hướng dẫn vào bãi đỗ của tòa nhà đi.","Vita, tôi chuẩn bị tới nơi rồi, chuyển hệ thống sang dẫn đường tìm hầm gửi xe giúp tôi nhé.",4,yes,"Dựa trên turn 1, turn 2, turn 3 và turn 4, trợ lý Vita đã thực hiện chính xác các yêu cầu đặt ra: tìm hầm gửi xe, thiết lập dẫn đường đến cổng hầm chính, kiểm tra lại tuyến đường tránh tắc khi tôi thắc mắc về thời gian di chuyển, và kích hoạt tính năng massage ghế. Với tư cách là một người coi trọng hiệu quả, tính kỷ luật và sự chuẩn xác trong công việc cũng như điều hành, tôi rất hài lòng khi các lệnh điều khiển xe được thực thi dứt khoát, không mất thời gian.",yes,"Cách phản hồi của Vita trong suốt các lượt hội thoại (đặc biệt là sự rõ ràng, ngắn gọn và cung cấp thông tin sát thực tế ở turn 3) rất phù hợp với phong cách thực tế và tập trung của một cựu sĩ quan quân sự kiêm nhà quản lý cấp cao. Tôi không thích sự dài dòng hay vòng vo khi đang tập trung xử lý tình huống giao thông đô thị dày đặc.",9,"Số điểm 9 phản ánh mức độ hoàn thành xuất sắc các tác vụ kỹ thuật và điều hướng trong không gian đô thị đông đúc. Ở turn 3, Vita đã chủ động giải thích lý do tại sao thời gian di chuyển kéo dài (tắc đường Vành đai 2) và kiểm tra phương án thay thế, thể hiện năng lực phân tích tình huống tốt. Điểm bị trừ một chút ở việc không có hệ thống cảnh báo an toàn chuyên sâu hơn khi thực hiện các lệnh phụ trợ, nhưng nhìn chung trải nghiệm đạt độ tin cậy rất cao.",True,"Ở turn 3, Vita đã chủ động làm rõ tình hình giao thông trên tuyến đường tránh và đưa ra câu hỏi xác nhận lựa chọn ('Bạn muốn giữ tuyến cũ hay thử hướng khác?'), giúp tôi chủ động ra quyết định điều hướng chính xác trong lúc đang lái xe áp sát mục tiêu."
tXWhtC4,row-0378,general_qa_conversation,verified_fact_qa,Hỏi đáp có nguồn kiểm chứng,wiki-9f3c655902f2,Siti Putra,driving,quiet,"Tôi đang lái xe trên tuyến quốc lộ đi tỉnh, muốn kiểm tra thông tin chính thống về hành chính để làm tài liệu tham khảo công việc.",Vita xác minh theo nguồn chính thức xem Việt Nam hiện có bao nhiêu tỉnh thành và nhớ dẫn nguồn nhé.,"Chào Vita, em kiểm tra giúp anh xem theo nguồn chính thức hiện nay nước ta có tổng cộng bao nhiêu tỉnh thành nhé, và nhớ dẫn nguồn giúp anh.",5,partially,"Dựa trên turn 1, turn 2, turn 3 và turn 4, tôi đang cần tra cứu thông tin hành chính chính thống trong lúc lái xe. Trợ lý Vita ban đầu đưa ra con số 34 đơn vị cấp tỉnh gây bối rối, và ở turn 2, turn 3 đã hỏi lại vòng vo dù tôi đã nói rõ muốn hỏi về tổng số tỉnh thành phố. Tuy nhiên đến turn 4, trợ lý đã xác nhận lại đúng nguồn Bộ Nội vụ và giữ nguyên con số hành chính hiện tại. Vì tôi là một người lớn tuổi có thói quen làm việc kỹ lưỡng, sự lặp lại câu hỏi làm mất thời gian khi đang tập trung lái xe.",partially,"Ở turn 2 và turn 3, cách hỏi lại của Vita (""Anh đang nhắc đến con số nào ạ?"", ""Anh cần số liệu về dân số, kinh tế, hay lĩnh vực nào khác ạ?"") chưa thực sự tinh tế và nhạy bén với ngữ cảnh trước đó. Với tư cách là một người chú trọng sự chính xác, thành công và có kinh nghiệm lâu năm, tôi cảm thấy hơi phiền khi trợ lý không bắt nhịp nhanh chóng ý định của người dùng ngay từ lần hỏi đầu tiên.",6,"Điểm số 6 phản ánh một trải nghiệm ở mức trung bình khá. Từ turn 1 đến turn 4, dù cuối cùng trợ lý cũng đưa ra được câu trả lời ở turn 4, nhưng quá trình hội thoại bị lặp lại không cần thiết, làm phân tâm người lái xe. Kỳ vọng của tôi là một trợ lý thông minh trên dòng xe cao cấp như VinFast VF9 phải có ngữ cảnh tốt hơn ngay từ turn 2 và 3.",True,"Trợ lý có đặt câu hỏi làm rõ ở turn 2 và turn 3 (""Anh có thể nói rõ hơn..."", ""Anh cần số liệu về dân số, kinh tế...""), nhưng việc hỏi lại này lại tỏ ra hơi máy móc vì tôi đã đề cập rõ về 'tỉnh thành' ngay từ turn 1."
uzWGmwN,row-0408,general_qa_conversation,verified_fact_qa,Hỏi đáp có nguồn kiểm chứng,wiki-62c08cb727c5,Mai Tran,driving,quiet,"Tôi đang lái xe trên tuyến quốc lộ chính để đến buổi kiểm tra thực địa, yêu cầu thông tin phải chuẩn xác tuyệt đối theo văn bản pháp luật.","Xác minh theo nguồn thông tin chính thức mới nhất của nhà nước xem hiện nay cả nước có bao nhiêu đơn vị hành chính cấp tỉnh, nhớ kèm trích dẫn nguồn.","Chào Vita, em kiểm tra giúp anh theo nguồn thông tin chính thức mới nhất của nhà nước xem hiện nay cả nước có bao nhiêu đơn vị hành chính cấp tỉnh nhé, nhớ kèm trích dẫn nguồn cụ thể cho anh.",5,partially,"Ở lượt 2 và 3, dù tôi đã ra lệnh rõ ràng yêu cầu chuyển chế độ lái sang Sport và tăng điều hòa hàng ghế lái, trợ lý Vita lại lặp lại câu hỏi xác nhận một cách máy móc rồi bị kẹt ngữ cảnh ở lượt 4 (""Bạn muốn mình thực hiện việc gì ạ?""). Với vai trò là một cán bộ cao cấp đang tập trung lái xe đi kiểm tra thực địa và đòi hỏi hiệu suất cao, sự gián đoạn này làm mất thời gian. Tuy nhiên, ở lượt 5 trợ lý đã sửa sai tốt khi tìm giúp trạm sạc gần nhất.",partially,"Ở các lượt 2, 3 và 4, cách phản hồi của Vita lặp đi lặp lại và mất nhịp đối thoại tự nhiên, không phù hợp với tính cách quyết đoán, kỷ luật và nhịp độ làm việc khẩn trương của một cựu quân nhân đang lái xe. Tuy nhiên, ở lượt 5 trợ lý đã quay lại phong thái lịch sự, đúng mực nên tôi ghi nhận ở mức trung bình.",6,"Điểm 6 phản ánh trải nghiệm ở mức trung bình khá. Ưu điểm là trợ lý cung cấp thông tin hành chính chính xác ở lượt 1 và tìm trạm sạc nhanh chóng ở lượt 5. Tuy nhiên, điểm trừ lớn nằm ở các lượt 2-4 khi hệ thống bị kẹt vòng lặp xác nhận chế độ lái và quên mất lệnh điều hòa, làm gián đoạn sự tập trung khi đang lái xe.",False,"Trợ lý có hỏi lại để xác nhận an toàn khi chuyển chế độ lái sang Sport (lượt 2 và 3), điều này tuân thủ tốt chính sách an toàn vận hành. Dù vậy, hệ thống lại bị lặp vô căn cứ và làm rơi mất yêu cầu chỉnh điều hòa đi kèm, cho thấy khả năng duy trì đa ngữ cảnh (multi-intent context memory) còn hạn chế."
vAgX8Xe,row-0372,general_qa_conversation,weather_news,Thời tiết/tin tức,wiki-9f3c655902f2,Siti Putra,driving,quiet,"Tôi đang lái xe trên đường phố nội đô, cảm thấy thời tiết có vẻ hơi chuyển đổi nên muốn kiểm tra nhanh tình hình bên ngoài.",Vita xem ngoài trời bây giờ có mưa không.,"Vita ơi, em xem giúp anh ngoài trời bây giờ có đang mưa không thế?",4,yes,"Ở turn 1, tôi muốn kiểm tra tình hình thời tiết ngoài trời và Vita đã trả lời chính xác là có mưa nhẹ 26°C. Sang turn 2, tôi yêu cầu bật gạt mưa tự động và tăng nhiệt độ điều hòa lên 27 độ C, Vita đã thực thi ngay lập tức. Đến turn 3, tôi tiếp tục yêu cầu kiểm tra áp suất lốp 4 bánh và trợ lý cung cấp số liệu chi tiết đúng thực tế. Với tư cách là một người lái xe lớn tuổi, đề cao tính chính xác và hiệu quả công việc, tôi thấy mọi yêu cầu đều được xử lý gọn gàng, không phải lặp lại lệnh.",yes,"Xuyên suốt các turn từ 1 đến 4, Vita sử dụng phong cách giao tiếp ngắn gọn, lịch sự, đúng mực và chuyên nghiệp, gọi tôi là 'anh' và xưng hô rất nhã nhặn. Với nền tảng tính cách đề cao sự thành công, rõ ràng và hiệu quả, tôi hoàn toàn hài lòng với cách phản hồi súc tích, đi thẳng vào trọng tâm của trợ lý mà không bị lan man hay dài dòng khi tôi đang tập trung điều khiển xe.",9,"Điểm 9 phản ánh sự hài lòng cao vì trợ lý Vita đã thực thi hoàn hảo toàn bộ các lệnh từ kiểm tra thời tiết, điều khiển điều hòa, bật gạt mưa cho đến tra cứu áp suất lốp ở các turn 1, 2 và 3. Tốc độ phản hồi nhanh và chính xác đáp ứng đúng kỳ vọng về sự chuyên nghiệp và hiệu quả của tôi. Không đạt điểm 10 tuyệt đối vì trải nghiệm hội thoại là tiêu chuẩn của một trợ lý xe hơi cao cấp năm 2026, làm tốt nhiệm vụ cốt lõi nhưng chưa tạo ra bất ngờ nào quá lớn vượt mong đợi.",True,"Ở turn 3, khi nhận được yêu cầu kiểm tra áp suất lốp, Vita đã chủ động cung cấp thông số chi tiết từng bánh (trước trái 2.4 bar, trước phải 2.4 bar, sau trái 2.3 bar, sau phải 2.4 bar) và kết luận luôn các chỉ số đều trong ngưỡng an toàn, giúp tôi nắm bắt tình trạng xe nhanh chóng mà không cần hỏi thêm chi tiết nào khác."
vH4K2pS,row-0540,my_car,vehicle_status,Trạng thái xe,wiki-62c08cb727c5,Mai Tran,driving,quiet,"Tôi đang lái chiếc VF9 trên đường vành đai để đến văn phòng bộ, tâm trạng rất tập trung và bình thản.","Vita, kiểm tra trạng thái xe.","Vita, kiểm tra giúp tôi trạng thái chung của xe nhé.",4,yes,"Ở các turn 1, 2 và 3, trợ lý Vita thực hiện chính xác các lệnh kiểm tra trạng thái xe, bật điều hòa và điều chỉnh nhiệt độ kèm hướng gió thổi chân. Với tư cách là một sĩ quan kỳ cựu có tính kỷ luật cao và sự tập trung lớn khi di chuyển đến văn phòng, tôi đánh giá cao độ chính xác tuyệt đối và không có sai sót thao tác.",yes,"Xuyên suốt các turn từ 1 đến 4, Vita phản hồi ngắn gọn, súc tích và đúng trọng tâm, giữ cho không gian khoang lái sự bình thản cần thiết. Điều này hoàn toàn phù hợp với phong cách điềm tĩnh và thực tế của tôi.",9,"Điểm 9 phản ánh sự chính xác cao độ của hệ thống trong suốt 4 turn hội thoại. Trợ lý thực hiện đúng mọi mệnh lệnh từ kiểm tra thông số đến điều chỉnh điều hòa mà không gây phiền nhiễu. Tôi trừ 1 điểm nhỏ vì văn phong giao tiếp vẫn hơi máy móc, chưa đạt đến mức độ uyển chuyển hoàn hảo như mong đợi.",True,"Ở turn 1, Vita chủ động báo cáo rõ ràng trạng thái xe đang ở P và các thông số an toàn cơ bản trước khi nhận lệnh tiếp theo, đảm bảo sự kiểm soát tình hình tốt."
vgNEZZt,row-0744,vita_profile_settings,system_app_settings,Cài đặt hệ thống và ứng dụng,wiki-62c08cb727c5,Mai Tran,driving,quiet,"Tôi đang tập trung lái xe trên đại lộ để đến cuộc họp giao ban đầu tuần, mọi thông báo làm phiền cần được loại bỏ để giữ sự tập trung cao độ. Tôi muốn tắt ngay các thông báo tin nhắn bật nổi.","Vita, hãy tắt thông báo bật lên của ứng dụng tin nhắn đi.","Vita, tắt ngay mấy cái thông báo tin nhắn hiện trên màn hình hộ tôi nhé, đang tập trung lái xe.",4,partially,"Dựa vào turn 1, yêu cầu tắt thông báo tin nhắn bật nổi không được đáp ứng vì xe không có tính năng này, buộc tôi phải tự xử lý trong lúc tập trung lái xe. Tuy nhiên, các lệnh tiếp theo về điều hòa (turn 2) và kiểm tra áp suất lốp (turn 3) đều được thực hiện chính xác và nhanh chóng, giúp tôi duy trì được sự tập trung và kiểm soát phương tiện tốt hơn trong tình huống chuẩn bị cho cuộc họp.",yes,"Ở turn 1 và turn 4, Vita giao tiếp ngắn gọn, rõ ràng và biết giữ không gian yên tĩnh đúng như mong muốn của một người có kỷ luật cao và coi trọng hiệu suất. Sự điềm tĩnh và lịch sự của trợ lý giúp tôi không bị phân tâm khỏi công việc và việc lái xe.",7,"Điểm 7 phản ánh sự cân bằng giữa điểm trừ ở turn 1 (hệ thống thiếu tính năng quản lý thông báo tin nhắn cốt lõi theo đúng nhu cầu ban đầu của tôi) và điểm cộng lớn ở turn 2, 3, 4 khi các lệnh điều khiển xe cốt lõi (điều hòa, áp suất lốp) được thực hiện chính xác tuyệt đối, cùng với thái độ tôn trọng sự yên tĩnh của tài xế.",True,"Ở turn 1, Vita có đưa ra lời khuyên an toàn là tập trung đường sá và xử lý thông báo sau khi dừng xe, thể hiện sự quan tâm đúng mức đến an toàn giao thông dù không giải quyết được trực tiếp yêu cầu tắt thông báo."
vuu6J4g,row-0492,journey_navigation_places,traffic_eta,Giao thông và thời gian dự kiến đến nơi (ETA),wiki-9f3c655902f2,Siti Putra,driving,quiet,Tôi đang lái xe trên đường và muốn áng chừng thời gian để kịp lịch trình hẹn trước.,Còn bao lâu nữa thì tới nơi?,"Vita ơi, xem giúp anh còn bao lâu nữa thì mới tới điểm hẹn vậy em?",4,yes,"Ở turn 1, hệ thống đã nhận diện chính xác việc chưa có điểm đến và phản hồi hợp lý. Đến turn 2, Vita đã tìm đúng địa chỉ Câu lạc bộ Bóng bàn Thăng Long và cung cấp lộ trình chi tiết. Đến turn 3, việc mở nhạc sôi động đáp ứng đúng nhu cầu giữ tinh thần tỉnh táo khi lái xe đường dài của một người cao tuổi có lối sống năng động và tập thể thao hàng ngày.",yes,"Cách phản hồi của Vita ngắn gọn, đúng trọng tâm và lịch sự, phù hợp với gu của một người từng trải, coi trọng sự hiệu quả và thành tựu trong công việc cũng như cuộc sống. Ở turn 4, việc trợ lý ghi nhận lời cảm ơn và duy trì không gian thoải mái giúp tôi cảm thấy rất vừa ý.",9,"Trợ lý hoạt động mượt mà qua 4 lượt hội thoại, xử lý chính xác từ việc định vị đường đi đến giải trí mà không gặp lỗi ngắt quãng nào. Điểm số 9 phản ánh sự hài lòng cao về khả năng hỗ trợ thực tế khi đang lái xe VinFast VF9, đáp ứng đúng kỳ vọng về sự chính xác và nhanh nhạy.",True,"Ở turn 1 và 2, trợ lý đã chủ động yêu cầu cung cấp điểm đến khi chưa có thông tin trên bản đồ, đồng thời xác nhận chính xác tên địa điểm và quãng đường trước khi bắt đầu dẫn đường, đảm bảo an toàn và tính chủ động cho tài xế."
wDedLTB,row-0120,calendar_tasks,calendar_create_update_cancel,Tạo/sửa/hủy lịch,wiki-9f3c655902f2,Siti Putra,driving,quiet,"Tôi đang lái xe trên đường vành đai để đến buổi họp chiến lược, thời gian khá gấp gáp.",Tạo lịch họp chiến lược lúc 9 giờ sáng mai giúp tôi.,"Vita ơi, giúp tôi tạo lịch họp chiến lược lúc 9 giờ sáng mai nhé.",4,partially,"Ở turn 1, Vita không hỗ trợ lịch trình khiến tôi hơi bất tiện vì đang vội tới buổi họp. Tuy nhiên, ở các turn sau (turn 2, 3, 4), trợ lý đã tìm đúng trạm sạc gần nhất trong bán kính 5km theo đúng yêu cầu khi pin cạn và chuyển hướng mượt mà, kết hợp chỉnh quạt điều hòa ở turn 4 đúng lúc tôi đang cần không gian mát mẻ khi lái xe.",yes,"Cách gọi xưng hô 'anh - mình' và phong cách phản hồi tự nhiên, lịch sự ở các turn từ 2 đến 4 rất hợp với phong thái của một người lớn tuổi, từng trải và coi trọng hiệu quả công việc như tôi.",8,"Điểm 8 hoàn toàn xứng đáng vì ở turn 3 và turn 4, Vita đã rất nhạy bén sửa lỗi tìm trạm sạc quá xa ở ban đầu bằng cách tìm trạm sát bên trong bán kính 5km, đồng thời thực thi lệnh chuyển hướng và chỉnh điều hòa rất chính xác. Tôi không cho điểm 10 tuyệt đối vì ở turn 1 trợ lý không hỗ trợ được việc lập lịch họp khiến tôi phải tự xoay xở khi đang lái xe vội.",True,"Ở turn 3, trợ lý tự động xác định phạm vi bán kính 5km và tìm chính xác vị trí hầm B2 tòa Technopark mà không cần tôi phải giải thích thêm rườm rà, đảm bảo an toàn và sự tập trung cao độ khi lái xe."
wQMQbW9,row-0210,communication_media,messaging,Nhắn tin,wiki-62706e3ac3c2,Siti Lim,driving,quiet,"Tôi đang lái xe trên đường vành đai để đến buổi họp chiến lược quan trọng của công ty, hơi vội vì sợ không kịp giờ.",Nhắn cho Lan là tôi đến muộn mười phút.,"Vita ơi, nhắn giùm anh cho Lan là anh bị kẹt xe chút chắc đến muộn khoảng mười phút nhé.",4,partially,"Ở turn 1, Vita không hỗ trợ gửi tin nhắn hộ, khiến tôi thấy hơi bất tiện vì đang vội đến buổi họp chiến lược. Tuy nhiên, ở turn 2 và turn 3, các yêu cầu chỉnh điều hòa hạ xuống 22 độ, tăng quạt gió, kiểm tra pin LFP (còn 78%) và áp suất lốp 4 bánh đều được thực thi cực kỳ chính xác và nhanh chóng, giúp tôi giải quyết tốt tình huống đang lái xe gấp gáp.",yes,"Tôi là nam giới, chuyên gia cấp cao, coi trọng sự hiệu quả và thành tích, luôn tập trung tối đa khi di chuyển. Ở turn 2, câu phản hồi ngắn gọn 'Mình đã bật điều hòa... Hy vọng bạn tỉnh táo hơn' và ở turn 4 'Chúc bạn lái xe an toàn và vui vẻ nhé' rất đúng ý tôi: súc tích, không dài dòng, đi thẳng vào vấn đề và giữ đúng khoảng cách chuyên nghiệp cần thiết của một trợ lý buồng lái.",8,"Số điểm 8 phản ánh sự cân bằng giữa một điểm trừ nhỏ ở turn 1 (không hỗ trợ gửi tin nhắn danh bạ, dù hiểu là do hạn chế phần cứng hoặc bảo mật xe) và điểm cộng rất lớn ở turn 2 & 3 khi hệ thống điều khiển xe (điều hòa, kiểm tra pin và áp suất lốp TPMS) hoạt động mượt mà, chính xác tuyệt đối, đáp ứng hoàn hảo tiêu chí hiệu suất cao của một người bận rộn như tôi.",True,"Vita không cần hỏi lại nhiều vì các lệnh đưa ra ở turn 2 và turn 3 (chỉnh nhiệt độ, kiểm tra pin/lốp) đều rõ ràng và hệ thống tự động thực thi an toàn mà không vi phạm quy tắc Safety Gate của xe (do xe đang chạy nhưng thao tác điều hòa và tra cứu thông số trạng thái hoàn toàn được phép)."
wR24jFP,row-0342,energy_charging,charger_search,Tìm trạm sạc,wiki-9f3c655902f2,Siti Putra,driving,quiet,"Tôi đang lái xe trên đường và nhận thấy mức pin giảm nhanh hơn dự kiến, cần tìm gấp một điểm dừng.",Tìm giúp tôi trạm sạc nhanh gần đây.,"Chào Vita, xe mình có vẻ tốn pin hơn bình thường, bạn tìm giúp mình trạm sạc nhanh nào gần đây nhất nhé.",6,partially,"Dựa trên turn 1 và turn 4, Vita mắc lỗi khá ngớ ngẩn khi tự ý đổi lại điểm đến xa xôi (Technopark) sau khi đã xác nhận trạm Nguyễn Phong Sắc ở turn 2, cộng thêm lỗi phản hồi trống ở turn 4 khiến tôi phải nhắc lại nhiều lần giữa lúc đang lái xe tập trung.",partially,"Ở turn 3, Vita đưa ra thông tin quá dài dòng và nhầm lẫn ngữ cảnh dẫn đường, làm tôi thấy phiền phức và mất kiên nhẫn khi đang bận điều khiển xe trên đường.",6,"Điểm 6 phản ánh trải nghiệm vừa bực mình vừa may là cuối cùng cũng được việc ở turn 5 và 6. Trợ lý mắc lỗi mất ngữ cảnh chuyển điểm sạc ở turn 3-4 khiến tôi phải nhắc đi nhắc lại, không tương xứng với kỳ vọng về một hệ thống điều khiển thông minh trên dòng xe cao cấp.",False,"Vita không chủ động hỏi rõ ràng để xác nhận lại ý định khi chuyển đổi trạm sạc mà tự ý đưa ra kết quả sai lệch ở turn 1 và turn 3, dẫn đến việc phải xử lý lỗi thủ công từ phía người lái."
wpfxwRY,row-0054,cabin_vehicle_control,supported_vehicle_settings,Thiết lập xe được hỗ trợ,wiki-62c08cb727c5,Mai Tran,driving,quiet,Tôi đang lái xe trên đường cao tốc hướng về ngoại thành và muốn tối ưu hóa hiệu suất năng lượng của xe.,Chuyển xe sang chế độ lái Eco.,"Vita, chuyển xe sang chế độ lái Eco giúp tôi với nhé.",7,partially,"Ở turn 1 và turn 2, dù tôi đã yêu cầu rõ ràng chuyển sang chế độ Eco, trợ lý Vita ở turn 2 lại hỏi lại một cách máy móc và bỏ qua yêu cầu kiểm tra áp suất lốp. Đến turn 3 và turn 4, hệ thống tiếp tục mắc lỗi lặp câu hỏi xác nhận ('Bạn xác nhận muốn chuyển sang chế độ lái Eco chứ?') gây mất thời gian và làm gián đoạn sự tập trung của tôi khi đang lái xe trên đường cao tốc. Tuy nhiên, các yêu cầu sau về kiểm tra áp suất lốp (turn 5) và mức pin/quãng đường (turn 6) được thực hiện chính xác.",partially,"Với tư cách là một quân nhân kỳ cựu có tính kỷ luật cao, phong cách làm việc dứt khoát và nguyên tắc, tôi rất dị ứng với sự lặp lại vô nghĩa và thiếu hiệu quả. Việc trợ lý lặp lại nguyên văn một câu hỏi xác nhận đến 3 lần (từ turn 3 đến turn 4) cho thấy khả năng duy trì ngữ cảnh kém và làm phung phí thời gian của người lái.",5,"Điểm 5 phản ánh một trải nghiệm trung bình, không thể cao hơn vì lỗi lặp câu hỏi ngớ ngẩn từ turn 2 đến turn 4 đã phá vỡ nhịp điều khiển xe, đòi hỏi sự kiên nhẫn không cần thiết từ người lái. Tuy nhiên, điểm số này không thấp hơn vì ở nửa sau (turn 5 và 6), trợ lý đã cung cấp thông tin chính xác về áp suất lốp và pin, giúp tôi hoàn thành phần nào mục đích tối ưu hóa năng lượng.",False,"Trợ lý không thực hiện việc hỏi làm rõ hữu ích, mà sa vào lỗi lặp vòng lặp (looping) câu hỏi xác nhận một cách máy móc ở turn 2, 3 và 4 dù người dùng đã cung cấp đủ thông tin."
wxSBuTT,row-0672,vinfast_vingroup_brands,vinfast_service_network,Hệ thống bán hàng và dịch vụ VinFast,wiki-62706e3ac3c2,Siti Lim,driving,quiet,"Tôi đang lái xe đi công tác gấp, cần tìm ngay một xưởng dịch vụ mở cửa ngày nghỉ.",Vita tìm xem xưởng dịch vụ VinFast nào làm việc vào Chủ nhật.,"Chào Vita, nay Chủ nhật mà xe tôi có chút trục trặc cần kiểm tra gấp, em xem hộ mấy xưởng dịch vụ VinFast nào gần đây đang mở cửa làm việc không?",4,no,"Dựa trên turn 1, turn 2 và turn 3, tôi đang lái xe và cần tìm gấp xưởng dịch vụ chính hãng VinFast mở cửa trong ngày nghỉ, nhưng hệ thống liên tục bị lỗi mạng (timed out) và ở turn 2 trợ lý lại ngớ ngẩn hỏi ngược lại tôi là tìm xưởng chung hay xưởng VinFast, trong khi ngay từ turn 1 tôi đã nói rõ là xưởng VinFast. Yêu cầu cốt lõi hoàn toàn không được giải quyết.",partially,"Dựa trên turn 4, khi tôi tỏ ra bực bội vì hệ thống mạng lỗi và yêu cầu chuyển sang nghe nhạc EDM sôi động để giải tỏa căng thẳng, trợ lý đã thực hiện ngay lập tức. Điều này khá phù hợp với gu cá nhân thích sự nhanh gọn, năng động và quyết đoán của tôi ở tuổi nghề và phong cách sống này.",3,"Điểm 3 phản ánh trải nghiệm kém do tính năng tìm kiếm cốt lõi thất bại hoàn toàn qua các turn 1, 2, 3 khiến tôi mất thời gian khi đang cần việc gấp. Trợ lý bị lỗi mạng liên tục và còn hỏi lại câu hỏi thừa thãi ở turn 2. Điểm số chỉ được vớt vát chút ít ở turn 4 khi trợ lý nhanh chóng chuyển bản nhạc EDM theo đúng ý để giảm căng thẳng.",False,"Ở turn 2, thay vì thực hiện đúng lệnh tìm xưởng VinFast từ turn 1 hoặc xử lý lỗi mạng, trợ lý lại hỏi một câu hỏi làm rõ ngớ ngẩn rằng có phải tìm xưởng VinFast không, thể hiện sự thiếu bộ nhớ ngữ cảnh và kém thông minh trong tình huống khẩn cấp."
yFo8c59,row-0090,calendar_tasks,calendar_query,Tra cứu,wiki-62706e3ac3c2,Siti Lim,driving,quiet,Tôi đang lái xe một mình trên đường cao tốc để đến văn phòng công ty cho kịp buổi họp chiến lược quý.,Lịch hôm nay có gì quan trọng không Vita.,"Vita ơi, lịch làm việc hôm nay của tôi có cuộc họp chiến lược nào quan trọng không thế?",6,partially,"Ở turn 1, Vita bỏ qua yêu cầu kiểm tra lịch làm việc với lý do không có quyền truy cập, điều này khiến tôi hơi hụt hẫng vì đang cần chuẩn bị cho cuộc họp chiến lược quý. Ở turn 2, Vita bị lỗi không phản hồi, khiến tôi phải nhắc lại ở turn 3. Tuy nhiên, từ turn 4 đến turn 5, Vita đã thực hiện rất tốt việc tìm trạm sạc VinFast gần Keangnam và bật điều hòa 22 độ, quạt gió mức 3 theo đúng yêu cầu.",partially,"Ở turn 1 và turn 2, trải nghiệm bị gián đoạn do Vita từ chối tính năng lịch và bị ngắt quãng phản hồi, không tương xứng với nhịp sống bận rộn và coi trọng hiệu suất công việc của một quản lý cấp cao như tôi. Dù vậy, ở các turn sau, giọng điệu của Vita gọn gàng, đi thẳng vào vấn đề khi điều hướng trạm sạc và chỉnh điều hòa ở turn 5 giúp tôi thấy dễ chịu hơn.",7,"Điểm 7 phản ánh một trải nghiệm có sự pha trộn giữa bất tiện ban đầu và hiệu quả thực tế về sau. Ở turn 2, trợ lý bỏ sót yêu cầu khiến tôi phải nhắc lại ở turn 3, làm mất thời gian khi đang lái xe trên cao tốc. Bù lại, từ turn 4 và 5, Vita đã xử lý chính xác việc tìm trạm sạc Vinhomes Skylake và thiết lập điều hòa nhanh chóng. Với kỳ vọng cao về sự hiệu quả và chuẩn xác trong công việc, tôi đánh giá mức này là hợp lý, chưa thể cao hơn vì lỗi ngắt quãng ở turn 2.",True,"Ở turn 3, khi tôi yêu cầu tìm trạm sạc trên đường đi văn phòng, Vita đã chủ động hỏi lại địa chỉ văn phòng của tôi để có cơ sở tìm kiếm chính xác, thể hiện tính hữu ích trong tình huống cụ thể."
yMwVTgj,row-0516,journey_navigation_places,route_management,Lập và thay đổi tuyến,wiki-62c08cb727c5,Mai Tran,driving,quiet,"Tôi đang lái xe trên tuyến đường quen thuộc nhưng phía trước có vẻ kẹt xe, tôi cần tìm đường tránh để kịp lịch trình.",Vita đổi tuyến sang đường tránh cao tốc ngay.,"Vita ơi, phía trước có vẻ đang ùn tắc nghiêm trọng quá, tìm giúp tôi tuyến đường tránh nhanh nhất để kịp lịch trình nhé.",6,partially,"Ở turn 1 và turn 2, hệ thống mất hai lượt chỉ để xác định điểm đến và bối rối trước yêu cầu né tắc đường, khiến lộ trình ban đầu dài tới 156 phút cho quãng đường ngắn. Tới turn 4 và turn 5, Vita còn tự ý hiểu nhầm sang chế độ Eco thay vì giữ đúng tùy chọn Driving nhanh nhất. Là một sĩ quan quân đội về hưu và chuyên gia quản lý dự án với tính kỷ luật cao và tư duy logic, tôi rất coi trọng hiệu quả thời gian và sự chuẩn xác trong từng mệnh lệnh. Sự chậm trễ và lủng củng này làm ảnh hưởng trực tiếp đến lịch trình công vụ của tôi.",partially,"Ở turn 3, Vita đưa ra quá nhiều thông tin kỹ thuật rườm rà thay vì đi thẳng vào giải pháp cốt lõi. Đến turn 4, trợ lý lại hỏi xác nhận một ý hoàn toàn sai lệch (""Eco"") so với yêu cầu trước đó. Với phong cách làm việc quyết đoán, nguyên tắc và đề cao tính trật tự, tôi không thích sự lặp lại thừa thãi và những câu hỏi ngớ ngẩn gây lãng phí thời gian khi đang tập trung điều khiển xe.",6,"Tôi cho điểm 6 vì dù cuối cùng Vita cũng hoàn thành việc cập nhật lộ trình (turn 5) và chỉnh nhiệt độ điều hòa chính xác (turn 6), nhưng quá trình tương tác quá rườm rà, thiếu nhạy bén và hiểu sai ý ở turn 4. Với tư cách là một chuyên gia cấp cao luôn đòi hỏi sự chuẩn mực và hiệu suất tối đa, trải nghiệm này chưa đạt đến mức độ tin cậy tuyệt vời mà tôi kỳ vọng ở một hệ thống công nghệ thông minh.",True,"Vita có hỏi về điểm đến ở turn 1, và xác nhận lại chế độ ở turn 4. Tuy nhiên, việc xác nhận ở turn 4 bị sai lệch (gọi nhầm là chế độ Eco thay vì Driving), cho thấy khả năng duy trì ngữ cảnh và hiểu lệnh còn hạn chế, buộc tôi phải chỉnh sửa lại ở turn 5."
zJgLF53,row-0162,communication_media,calling,Gọi điện,wiki-9f3c655902f2,Siti Putra,driving,quiet,"Tôi đang lái xe ra sân vận động để kịp buổi tập bóng bàn buổi sáng, lòng hơi nôn nao vì sợ đến muộn. Trên xe không có ai khác, tôi cần gọi điện gấp cho anh Nam.","Vita, gọi ngay cho anh Nam nhé.","Vita ơi, gọi ngay cho anh Nam giúp tôi cái, tôi đang lái xe đến chỗ tập bóng bàn mà gấp quá rồi.",5,partially,"Ở turn 1, tôi đang vội đến buổi tập bóng bàn và cần gọi cho anh Nam, nhưng trợ lý thông báo không hỗ trợ tính năng này, khiến tôi phải đổi kế hoạch tìm quán cà phê (turn 2). Tuy nhiên, đến turn 3 và 4, Vita xử lý tốt việc dẫn đường đến Laika Cafe và chỉnh điều hòa xuống 21°C theo đúng yêu cầu.",yes,"Ở turn 5, cách nói chuyện của Vita rất nhã nhặn, đúng mực và thân thiện, điều này rất hợp với một người lớn tuổi, coi trọng sự thành công và muốn mọi việc trôi chảy như tôi.",7,"Điểm 7 phản ánh trải nghiệm ở mức tốt nhưng chưa hoàn hảo. Ở turn 1, hệ thống không hỗ trợ gọi điện thoại khiến tôi gặp chút bất tiện khi đang lái xe gấp. Dù vậy, ở turn 4, Vita đã thực hiện chính xác lệnh tìm đường và chỉnh điều hòa 21°C, giúp tôi lấy lại sự bình tĩnh và thoải mái cho hành trình.",True,"Ở turn 3, Vita đã hỏi lại 'đến đấy là đâu nhỉ?' khi tôi dùng từ chưa rõ ràng, thể hiện sự cẩn trọng trước khi thực hiện lệnh dẫn đường."
